video_id,author_display_name,text_display,published_at,like_count
f8-VTdqEn6E,,,2026-04-19T00:24:37Z,
c0c6KiiRe50,@denilsonsantos2433,Se eu estivesse aí já teria resolvido isso,2026-04-19T00:08:46Z,7.0
h-1PzcoY37I,,,2026-04-18T23:21:01Z,
cWXZXG-HtY8,@JefersonGlaeser-ss1nm,Trump não sabe nem o que está falando,2026-04-18T23:25:25Z,12.0
ozmHvXOkIfQ,,,2026-04-18T22:14:51Z,
tWYhb9Morew,@fredfigueiredo9762,"Na guerra ninguém ganha,  todos só perdem.",2026-04-18T22:25:14Z,0.0
VfQEsbyTHfY,,,2026-04-18T21:31:58Z,
ILyz9XJSVhE,@JerriKupicki,🤔😒🥺,2026-04-18T20:05:44Z,1.0
3Fq_gzuigQU,@djgilmixoficialekipartmusic744,"O TRAMP COMEÇOU  ESSA GUERRA  , ELE TEM MAIS É  QUE ACABAR LOGO COM ELA , UMA GUERRA SEM NOÇÃO",2026-04-18T20:32:40Z,0.0
vPwqzT3_Qzg,@odejota,Trump é o herói do mundo graças. A Deus nós temos ele.,2026-04-18T21:25:32Z,0.0
AU8iSXnbdAM,@83Lucioa,"Ieêh, pegadinha do malandro!! Hahaha",2026-04-18T21:06:00Z,1.0
EvkCDsMRCfY,,,2026-04-18T18:25:05Z,
y7yqmS9sCj8,,,2026-04-18T17:25:30Z,
wbu5Baq9Tag,@thomas.j9910,"Estamos vivendo um momento de &quot;diplomacia de risco&quot;. Todos os atores envolvidos estão esticando a corda para ver quem cede primeiro. O bloqueio em Ormuz pressiona o bolso do ocidente, os ataques no Líbano testam a resistência militar de Israel, e a questão nuclear mantém o mundo sob a ameaça de um novo patamar de destruição. O desfecho disso depende de alguém aceitar recuar sem parecer derrotado, algo que, no clima político atual, parece cada vez mais difícil de acontecer. O mundo agora observa o relógio, esperando para ver se a diplomacia ainda tem fôlego ou se as armas falarão mais alto.",2026-04-18T17:44:39Z,16.0
6J51d77bJj4,@WiltonSilveira,"Aciones as legendas, plisss!",2026-04-18T21:11:18Z,0.0
ktr_S2K1R54,@CookedNations,Quem paga somos nois essa treta tod.,2026-04-18T19:58:10Z,1.0
aLsfyx-RJ5g,@neydemariaaraujo5996,Fake News,2026-04-18T18:29:51Z,0.0
TEIr_LTu8jg,@SENHORDAESCURIDÃO,"Abrir estreito, fechar estreito. Essa palhaçada está igual as musicas do zeca pagodinho.",2026-04-18T15:34:50Z,5.0
jndM5NaPk7Q,,,2026-04-18T15:14:59Z,
eyKN5EzbFaE,@ANTONIO-zs5tg,Deixa seu like se inscreva no canal e compartilha o vídeo,2026-04-19T00:26:28Z,0.0
PWcYBsNzsl8,@thamysetimports8825,"Cada hora uma notícia, ora abre, ora fecha, ora se rendeu  ora ta atacando 🤨",2026-04-18T15:22:52Z,17.0
Qck-1i9QV9g,@elsopeixotodeoliveira7357,Um não tem palavra o outro é mentiroso aí fica difícil negociação,2026-04-18T19:58:37Z,0.0
_r0rujzTiRY,@danilolentinipaulinodan1618,"Eu não sei o quão bom seria continuar mentindo a situação atual, as coisas já aconteceram, acredito que a ideia de informação, tem de mudar sobre oq esta acontecendo e oq está por vir, pelo bem de um povo ignorante já ao suficiente",2026-04-18T14:34:19Z,1.0
xRKLzS533Oc,@Combatendo-z1o,O Trump mentiu para dar golpes nas bolsas de valores.,2026-04-18T17:47:37Z,1.0
Tf7SNJKy7q4,@jhonboya3402,A PROMESSA É VERDADEIRA E A FUGA NORTE AMERICANA SERA EPICA 😂😂😂😂😂😂😂😂😂😂😂,2026-04-18T15:47:45Z,1.0
dHMHFqsAN0M,@PauloDouglas-e5l,NÃO EXISTE &quot;NOVO BLOQUEIO&quot; ! ISSO É MENTIRA  ! FAKE NEWS !,2026-04-18T13:11:18Z,1.0
cJuxOBFuR90,@voceachouqueeuestavabrincando,fechar o que já está fechado? kkkkkkkkkk,2026-04-18T13:02:21Z,0.0
RJEZSt-7m3Q,@victoriagoncalves7888,Os comentadores Portugueses só falam sem informação não falam a  realidade  falam com ódio  Trump é o melhor Presidente dos Estados Unidos O Problema dos comentadores vão  se informar aos esquerdistas dos Estados Unidos  🇺🇸,2026-04-18T13:22:16Z,2.0
IQAtqj1M_-4,@verdadeevida,Não dá pra negociar com terroristas.,2026-04-18T12:24:44Z,24.0
43DrKD1T14I,@rosariorelvas4198,"Que me perdoe o Sr. Davis. Só ouvimos falar em atacar, ou fazer incursão no terreno. ..o que fariam os EUA se fossem obrigados a entregar os seus activos bélicos, ou melhor o seu petróleo ??? O que um país soberano deve fazer senão defender-se???. Os EUA não têm qualquer direito em fazer o que estão a fazer. Não consegue porque o país é grande.O que quer dizer que se fosse pequeno podiam invadir e transformar num caos como já fizeram com outros. Parece que voltámos aos tempos da barbárie. Tanto os EUA como Israhell estão a comportar-se como se fossem países dos tempos de Gengiscan😢 os EUA estão a ser comandados por fanáticos que querem impor ao mundo princípios religiosos que faltam à verdade sobre um deus que na verdade não escolheu nenhum povo em particular, uma religião baseada em mentiras, que é de pasmar como um governo do sec XXI possa acreditar nelas .😢 Estão a morrer inocentes  a economia mundial está a ser afectada, o que se passa com esses dirigentes para que tenham apoio para tanta barbárie???😢",2026-04-18T10:36:50Z,3.0
6FYUuiMlFWY,,,2026-04-18T02:11:22Z,
2uRe7PHFLBU,,,2026-04-18T02:09:34Z,
RMWprSD93as,@FabioCoutinho-e2e,"Na minha opinião o Iran só deve entregar seu urânio Enriquecido caso Trump, retire todo embargo possível imposto pelo pelos USA.",2026-04-18T07:17:37Z,0.0
tGQLWELEBKk,@provédoreresd́bemRetidao,Bom dia!Deus abençoe o povo do bem,2026-04-18T15:30:25Z,1.0
5mgvfXxy5PA,@Marcel-h3i,"Chourival Santana, as vezes eu acho que ele é comediante, e o entrevistador vai coneçar a dar risada a qualquer momento.",2026-04-18T07:08:03Z,1.0
ibVcV0V2CFs,@TERRAJOVEM6000,Pra navios de guerra iankes ta fechado😊,2026-04-18T01:26:47Z,0.0
Q6W7jKlr8qQ,,,2026-04-17T23:54:05Z,
6KvOy0XipNw,,,2026-04-17T23:16:37Z,
I58y8LnR8RE,@ivanildotavares3321,"Fora pt . Logo, Bolsa subirá mais e mais,  empregos crescerão, economia fortalecerá, inflação cairá , haverá superavit...",2026-04-18T00:27:14Z,0.0
mTjmoLUXkoc,@RaimundoEduardoNunesReis,Pode fechar. Trump ABRE.,2026-04-17T23:01:32Z,4.0
BWxwEUtJptE,,,2026-04-17T21:24:17Z,
N-_48IACaug,@elainecordeiro2353,😮,2026-04-17T21:12:32Z,1.0
yp0IO5RbYAg,,,2026-04-17T20:21:28Z,
CoMtPRKyFDk,@wanderleysouza306,"Trump precisa perder essa eleição de meio mandato e sofrer impeachment, ser preso...",2026-04-17T20:45:29Z,2.0
74uMgncM0FQ,,,2026-04-17T20:08:17Z,
vYHTlmJ0xE4,@deedeeramone.3358,Os EUA são uma hegemonia em Estado de putrefação andando sobre uma pinguela podre....<br>Todo império caí atirando às cegas.,2026-04-17T21:19:44Z,14.0
gu49xnNFvcU,@lucianotholozan4707,"É o primeiro passo para um acordo, mas acho difícil o irã abrir mão do programa de mísseis e enriquecimento de Urânio. Depois de anos desenvolvendo e Bihões gastos. Vamos aguardar mais informações com atenção. Traga mais conteúdos assim Antonio.",2026-04-17T19:32:39Z,1.0
khqcGf8TxkE,,,2026-04-17T18:54:07Z,
eKS32lN7bYQ,@juliocesar-ih9en,3.42,2026-04-17T18:47:06Z,4.0
0d_CryJS190,@nickaugusto1,"Bom dia... se é uma coisa que o Lula não é,  é besta... kkk foi logo atrás do primeiro país que levantou bandeira contra o Trump...e vai atrás demais... tudo para o laranjao pensar 2x em vir pra cá fazer besteiras...",2026-04-18T10:45:05Z,0.0
pdex9SEw2m8,@roselialves6095,Video com volume baixo😢,2026-04-17T21:13:49Z,0.0
KEdFplnAOOU,@queirozfabrizio8814,Só cuidem as minas..rs. Joguinho Ira para desenterrar mais foguetes. Nunnnnca vai entregar Urânio..Obama demorou 2 anos fazer acordo.,2026-04-17T18:37:02Z,1.0
Zd0qRDnS8d0,@esterscheffer8185,Mais um gol do Trump!!,2026-04-17T23:09:05Z,0.0
wyVlVS-NBp4,@JustoJuiz-m9g,IRÃ ARREGÃO TÁ FRACO JÁ EM ALGUNS DIAS DE GUERRA KKKKKKK,2026-04-17T16:42:29Z,3.0
1Y1peJKBO5Q,@jdearaujo2746,"É mentira!!! 😅. Trump é um mentiroso descarado e sem vergonha.  Irã não quer acordar, Irã não vai entregar seus urânio enriquecido, Irã não vai deixar de fabricar mísseis, o Irã é trouxa...  Vida longa aos iranianos! AllahuAkbar!",2026-04-18T20:21:11Z,0.0
kPDCCoLJpzU,,,2026-04-17T15:45:29Z,
uD8LVJKZUVE,@ContaComl,Israel ....nao ...<br>Sim o sionismo,2026-04-17T21:03:19Z,0.0
yQBIPv0tcIc,@MaxWolff-i6i,É simples.<br>Abre ou os EUA arrombam.,2026-04-18T15:57:00Z,0.0
2t-wAOs_RSs,@joaoeduardoarchilha9349,"Retórica. Dura 1 semana, talvez",2026-04-17T17:08:54Z,1.0
hjGO-mofTX0,,,2026-04-17T14:25:34Z,
owhf82it_9Y,@canaldoely1808,"estados unidos posicionara seus navios no estreito, e garantir.a que o irã não ouse como ameaça.",2026-04-17T17:43:49Z,1.0
BvbgpYuGoaQ,@MrArthurACarvalho,"olha a alegria do povo, ninguém quer guerra,  gatosos americanos também comemoram  não ser mandados para a morte. O MUNDO RESPIRA.",2026-04-17T15:21:55Z,1.0
IO-6Tms6-2M,@franscisbergueoliveira5793,Já fechou novamente.  É um abre fecha danado.,2026-04-18T19:06:41Z,0.0
GG9wx6QCuF0,,,2026-04-17T14:05:04Z,
70LEjMDaAAA,@joseubiratanpinto1253,Esse é doido de carteirinha. Era pra abrir agora que abriu ele quer fechar deve tá comendo bosta,2026-04-17T18:19:04Z,1.0
-FsGIAUqem4,@luizcarloscivardi7127,Faknews,2026-04-17T16:12:50Z,0.0
_bE114EG140,@Postodois,Obrigado pelo vídeo amiga ❤❤❤,2026-04-17T19:42:53Z,4.0
BFKBkfv-FSs,@abaixocapitalismoeseusdemo5707,"Liberação entre aspas,  só passa quem pagar o Pedágio.",2026-04-17T13:58:03Z,0.0
6tjicXgEfkM,@thiagomacedo1640,irã colocou a coleira em israel.,2026-04-17T15:41:08Z,0.0
vGGp0BX5bwg,@COSANOSTRA873,Resumindo...... VITÓRIA DE TRUMP!!!! PARA TRISTEZA DE ESQUERDISTAS E MIDIAS DO BRASIL!!!!!!! SE FOR CHORAR MANDA AUDIO 😢😢😢😢😢😢😂😂😂😂,2026-04-17T16:17:40Z,4.0
dTHyLrGSoN8,,,2026-04-17T11:53:39Z,
UWTXD6XxFcU,,,2026-04-17T01:35:40Z,
hJ2lnoxIzmk,@GraçaM_infinitoemumjunco,"Querido, Pepe, não perdemos suas lives. Força e saúde!",2026-04-16T23:28:15Z,75.0
uSr9f_HoNyE,@FranciscoSilva-cb2sv,Com o C na mão.,2026-04-17T17:37:42Z,2.0
7aKmtB8mLUU,@neto2336,Viva os BRICS China Rússia Brasil Índia África do Sul,2026-04-18T20:18:26Z,2.0
gRn54Dq2aC8,@issapaulino3541,"Fiquei muito tempo a tentar escolher meu GOAT, finalmente já achei!",2026-04-17T18:47:17Z,9.0
g08Rp5bgc9A,@rosmaninhoadvogado,Deus faça JUSTIÇA.,2026-04-17T01:18:03Z,7.0
TWD3zi1CWLk,@AtualizaAíCACD,"Link com material complementar para quem quiser se aprofundar ainda mais nos assuntos abordados. Acesse aqui: <a href=""https://drive.google.com/drive/folders/1lQoK68vXmX8odvg9yNF4TPUiMYA_se2d?usp=sharing"">https://drive.google.com/drive/folders/1lQoK68vXmX8odvg9yNF4TPUiMYA_se2d?usp=sharing</a>",2026-04-17T10:58:20Z,0.0
YOZZnstycG4,@liamariadesouza7440,IA na cara dura. Criem vergonha!,2026-04-16T15:31:54Z,1.0
jA3uUWXNZ9g,@delfinogoncalves3606,TRUMP É QUEM COMANDO O ESTREITO DE ORMUZ.,2026-04-18T00:27:15Z,0.0
ETwiOHEOtQk,@JoseAlves-iu8iy,Bom dia paz e bem.,2026-04-16T09:15:44Z,1.0
6SIX508fOOc,@danubiocarvalhojunior6676,👏👏👏👏👏,2026-04-16T08:22:39Z,7.0
uUrtGMAF_FA,@antoniofernandes9277,Informação e análise com qualidade,2026-04-17T21:27:53Z,0.0
NIEPuX0lOr8,@chicobengala4908,Avião que voa alto são os que despejam as bombas cabulosas.,2026-04-16T13:17:27Z,2.0
Ds8hTzCHFds,@600-g5h,"JOVEM,   MEUS   PARABENS  !!!",2026-04-15T01:28:00Z,2.0
JMM6mimKS1k,@ComunidadeMissionaria,"Analisatas da CNN e globo quase morreram com a Venezuela, agora estao infartando com o Iran.<br>Ja ja chega a vez de cuba e de depois brasil",2026-04-15T16:26:53Z,0.0
A5Er3Ki3U3M,@MarcosBiodiversidade,Congratulations to Trump forever!,2026-04-15T15:49:24Z,1.0
kmLOihOJelQ,@EvandroRodriguez-p9p,"Agora ,eu quero ver ,os Estados Unidos , se fazerem de covardes !!",2026-04-16T21:04:19Z,3.0
_4c93Qbd9ic,@manueltsobo3704,Eu sabia que esta é uma guerra de Petróleo 😂😂😂,2026-04-15T13:09:21Z,6.0
agJMD8EKjMA,@silvasantos2410,"Segundo imagens de satélite, durante o dia de ontem passaram uns 20 navios no estreito. Disseram nas notícias na tv.",2026-04-15T14:51:41Z,0.0
6IWDd7BJH0k,,,2026-04-15T01:57:08Z,
huBtY5EzDmI,@Sidneigoulart91,Será que não kkk,2026-04-15T01:50:25Z,0.0
fEeltzGEakE,@JoãocarlosRebelodecarvalho,"Deveria todos os países virar as costas para estados unidos, Donald Trump não tem a menor condição de chefiar um país, muito menos colocar o mundo todo em perigo, guerra só trás benefício para meia dúzia de pessoas,tratam guerra como se fosse jogo, tem vidas humanas sendo perdidas,e não é esse número ínfimo que a imprensa bombardeia , afinal os estados unidos estão atrapalhando o mundo todo, quando o restante do planeta vai dar as costas para esse presidente acéfalo.",2026-04-15T20:08:11Z,0.0
OCiax8sCMQw,@TonyNeves-q8b,Este é o momento ideal pro Putin pegar toda a Ucrânia 🇺🇦 aproveitar o momento que os Estados Unidos estão jogando seus mísseis no oriente médio ou então a Rússia não tem mais seus mísseis 🚀  ou quebrou porque a Otan já deu pra perceber que é um tigre de papel se for pra azedar que azeda de uma vez 😂😂,2026-04-14T23:34:44Z,0.0
7rbOKs_gxio,@edilsonlucas5228,Porque  eua nao afundou o navio chines ... ai quero ver se tem bala na agulha definitivamente,2026-04-17T21:44:32Z,0.0
S7pBKlNqWMc,@TerezinnhaLopesTrintin,Terezinha Lopes apoiar o Bolsonaro 22 em 2026Para Presidente estamos juntos vamos com toda população Brasileira 🗳️ ria do Brasil 22 amém 🙏💚🙏🙏💚🙏🥳🫵💛💛💛💛💛💚💚💚💚💚💚💚💚💚,2026-04-15T17:23:38Z,1.0
reKVIi8j_3g,@JúlioGomesPanisfilho,Quero que pare 😈👏👏👏👏👏,2026-04-17T15:19:47Z,1.0
dtHVCWkBPV8,@josiasferreira5958,AGORA É OLHO POR OLHO.,2026-04-14T23:05:02Z,5.0
UWm4Zgd5yF8,@elmopahlpahl263,"Vcs são ignorantes ! EUA não fez bloqueio contra outros países , apenas não permitiu navios iranianos saírem dos portos Irã",2026-04-18T14:53:04Z,0.0
YPMJEP6YwL8,@julietacastanedajurado202,"Irán puede hacer bloqueo por qué son sus aguas. Estados unidos está intentando hacer un bloqueo del otro lado del mundo, nada tienen que hacer ahí.",2026-04-14T19:13:04Z,18.0
d0yfqSO7Uns,@mariamartins7515,Só Deus por nós.,2026-04-16T01:46:41Z,1.0
TSY91cAuE0c,@JOELMANOVAES-hl5mr,Enquanto o Irã estava fechando o estreito e cobrando pedágio estava tudo legal para os esquerdistas do Brasil agora que é os Estados Unidos que está fazendo já se tornou ilegal,2026-04-15T10:25:14Z,0.0
6YOgXR2e-jE,@paulovasc3598,"Só  de pensar quantos inocentes esse regime terrorista do Irã  já assassinou no mundo, a gente fica horrorizado!",2026-04-14T12:46:25Z,2.0
yrm2I7VJOPM,@cristinajaco2376,"Se o mundo ajudasse israel e os estados unidos, esse regime terrorista já teria caído, o irão fornece drones a Rússia para atacar a ucrania, não vejo o que a europa tem a ganhar em não apoiar os estados unidos. E o povo iraniano seria livre e o mundo poderia ter petróleo a mesma, mas, sem os terroristas, é tão simples isso.",2026-04-14T10:54:45Z,0.0
86d2e46UIFA,@rosildarodrigues1213,vamos orar por estados unidos da América,2026-04-14T16:44:35Z,5.0
HsZqDiV-26k,@AlimentacaoSaudavel-ev3sl,Irã NÃO PROMETEU reabrir o estreito normalmente DURANTE AS NEGOCIAÇÕES. Única promessa foi CESSAR FOGO por 2 semanas.,2026-04-14T05:25:12Z,3.0
Uao225HoI6I,@JoãoBatistadeOliveiraOlive-m7c,Trump não tá conseguindo colocar ordem no puleiro deles e quer interferir na vida dos outros vai plantar fava seu facista Cenorão,2026-04-14T10:52:30Z,1.0
TpWAwyNdYqY,,,2026-04-14T01:36:02Z,
of2VAtJZjDo,@antonioluiz3048,Quero que o Diesel chegue a R$20 o Litro e a Gasolinha as R$13 kkkkk,2026-04-14T10:58:48Z,0.0
8Svmcwu5RCM,@juliocdiehl7077,Quanta estupidez neste vlog.,2026-04-15T17:52:56Z,0.0
usQq6TvLIbY,@BrunoHenrique-ry5mk,Kk mas um de direita querer só entregar tudo pro idiota do trump te falar viu ele ameaça tomar parte da otan território da Europa e pra ele é chacota e agora ele perdeu seu quintal melhor ficar ligeiro os EUA 🇺🇸  vai por mais ainda as garra pra fora pois é um caminho sem volta o q o trump iniciou essa tragetoria e agora tem um preço a ser pago pós ele não quer vergonha quer guerra e dessa vez ele vai se dar mal o mundo mudou nos últimos 40 anos não é mas o mesmo ele que fique ligeiro😊,2026-04-16T11:54:06Z,0.0
NA-qjoJomGc,@gilmarmelo1974,Esse extrume não manda  🌎 Trump m dar nojo,2026-04-14T02:48:47Z,0.0
hXWbyv0z90I,@sorrizinfps7059,"cara nao e meio surreal china condena blza.... mas nao condena putin, coreia do norte .... a pqp",2026-04-14T00:03:14Z,0.0
S4GakBJNjbQ,@IonaCristina-n1c,Não há Acordos e Negócios com os Criminosos Terrorista Ditadores Suicidas Destruidores Parasitas Imprestável Globais! Bíblia Sagrada o Diabo é Astuto dando Brecha pro o Inimigo o  inimigo entra!,2026-04-15T16:36:45Z,9.0
RKoSZf3J4kI,@ednonviana3240,Estado Unidos própria justiça 🌎 Estados Unidos própria democracia no mundo 🌎 Estados Unidos não aceita corrupção não aceita lavar desviar um dinheiro público brasileiro governo do PT desviou muito dinheiro público brasileiro para Venezuela Cuba ministério público sempre próximo de eleição política começa as perseguição política contra funcionários contratado pelo ex prefeito aqui no Maranhão na cidade imperatriz ministério público uma ditadura aqui no Maranhão,2026-04-14T11:12:07Z,1.0
ntiPeJz9Gvo,@OBrasilédosbrasileiros49,"Resumindo, o Irã atolou o dedo no estreito do Laranjão 😂😂",2026-04-13T23:37:19Z,5.0
jCKRujnb50M,@matheusmns9722,Depois do Irã agora é a vez do Trump fechar o estreito 😂,2026-04-13T22:17:22Z,5.0
SVquTvWiX6Q,,,2026-04-13T20:55:34Z,
isyM5r77gIM,@campsjjp,Fim do regime assassino dos Aiatolás defuntos. Jajá acaba o dinheiro 💶💶💶 é acaba a festa. A guarda sem dinheiro acabou os revolucionários de Maomé. Aí começa a brigar internamente pra ver quem fica com a carniça e o povo está boladão só esperando a revanche de 47 anos ! Tem muito capacho de Aiatolá pra dançar ainda ...,2026-04-13T22:40:29Z,2.0
IRkzwCikRqQ,@andrasshaw5706,we shouldn&#39;t have to go to war when the ally is the aggressor,2026-04-14T14:41:17Z,4.0
RJ780p13-6A,@LuizHenrique-jk6zn,Parabéns sucesso e obrigado ao Irã,2026-04-13T22:40:16Z,2.0
trldOfIAmRg,@RenatoPinali,"derretam o Irã de uma vez por todas, porraaaaaaaaaaaaaaaa...",2026-04-13T20:53:25Z,5.0
7YkIppjrrQE,@droneaventureiroguimaraes4234,Não intemdi bloqueado o q já está bloqueado 😂,2026-04-13T19:54:46Z,5.0
98C8FMq7kq8,@alexc7335,O presidente Trump pirou de vez. Kkkkkkkkkkkk,2026-04-13T20:03:06Z,15.0
xst09x1U1Rg,@franciscomelo945,O IRÃ  seja prejudicado?  E o que  o Irã  fez contra o mundo? Não conta?,2026-04-13T22:12:37Z,0.0
CFusrLS4uvk,@matheusmns9722,Pra cima Trump,2026-04-13T18:40:41Z,1.0
xizMRgrUGKQ,@andreluisdesouza3170,"Realmente. Ramagen, segundo todos que escuto falar, dizem que é uma pessoa excelente de tudo. Deus abençoe a todos 🙏🙏🙌",2026-04-15T10:59:06Z,1.0
DQ-0kQsYwM8,@joaoandradesantana5435,Já tava fechado!,2026-04-13T18:16:01Z,6.0
nCyEQNQFjiM,@Hussain-5670,"O velho mente e a mídia espalha a mentira, esse idiota não bloqueou nada, ele não tem acesso ao estreito, o que ele está fazendo é pirataria nas proximidades do estreito.",2026-04-13T18:33:17Z,1.0
VlJf_isnrtY,,,2026-04-13T17:40:00Z,
K2xEeCZdVNk,@pousadadojoao7493,Fogo no parquinho!!,2026-04-13T22:49:07Z,0.0
bWjtODAt9Vw,@JoséCarlosOstan,"Eu gostaria que o pontífice, fosse visitar o Iran, pra ver pelo menos se ele voltava na vertical !⚰️ Iran , há 47 anos com as mãos sujas de sangue de inocente do mundo inteiro, só do seu próprio sangue deitou 40 mil nas últimas manifestações pacíficas.",2026-04-13T19:27:33Z,0.0
HZIEtN3EyVM,@alvarole1078,Trump e um ditador que,2026-04-13T17:59:43Z,0.0
TjEVmBhL1lY,@joaobatistadeoliveira4733,"COISA DE TRUMP, COISAS DE MALUCO. UMA HORA QUER O ESTREITO ABERTO OUTRA ELE MESMO FECHA. SÓ NORTE AMERICANO PARA ENTENDER E VOTAR NESTE MALUCO.",2026-04-13T17:18:47Z,0.0
gC9qaRQiuWE,@josefernandochissano9779,O Mundo pobre a sofrer e vocês a viverem boa vida.,2026-04-16T16:07:00Z,0.0
OG7PVifTxu4,@OripesCarlos,"O estreito de Ormuz pertence ao território Americano ??? Se não, porque os EUA está dando ordens lá ?",2026-04-13T18:54:54Z,0.0
llz_JY2MK6I,@Contadorpaodequeijo,Quando o cara fala “estatudinense” aí é foda..,2026-04-13T15:58:34Z,0.0
gYofs2V5LOU,@luciaoliveira2026,Vai 🙌 dar certo 🙏❤ pra todos.. Demora mais vai.Irã volta ➰ sua vida 🙏🧬 Normal e EUA e Rússia e China ❤,2026-04-13T16:41:34Z,1.0
RA7R19WGkmI,@netgear0913,"EUA em decadência, agora viraram piratas..",2026-04-13T16:07:25Z,2.0
i_TLFMoxq6U,@Edu19712010,"Verdadeiro retrato de um império em decadência. Vão fechar o que já foi fechado pelo Irã? 🤣 É por essas e outras que o petrodolar tem de acabar. Dai eu quero ver dinheiro pra continuar provocando e financiando guerras ao redor do mundo, visando interesse próprio.",2026-04-13T16:00:04Z,2.0
aSB-bEeQzJY,@gustavomacielferreira8501,Cadê  a poderosa Marinha do Irã🇮🇷 que disse que venceu os EUA k😂😂 os generais  terroristas covardes correram todos para os buracos quando viram  o Destreyers dos EUA chegar no estreito de Ormuz!🦅🤣🤣👏🏿👏🏿👏🏿,2026-04-13T15:18:19Z,7.0
OL6CeUwVSA0,@aloisiorosa3078,"Daqui a pouco vão utilizar um barco pesqueiro com sonar para identificar um cardume de minas. Podem utilizar dois barcos pesqueiros com redes. Talvez um barco com um eletro-ima. Ou um barco com um raspa trilho triangular de trem na frente. Agora si for pesca esportiva de minas, dá para utilizar um molinete com um super-ima no lugar do anjol.",2026-04-13T19:02:49Z,0.0
yn7v0iB91ys,@RosePereira-p1w,Eu nem sabia que os EUA era dono do estreito de Ormuz...😅😅😅😅,2026-04-13T14:50:15Z,88.0
qmtP3BrP_e8,@jmsstrlng,"Quando não pode contra seu inimigo, junte-se à eles kkkkkk",2026-04-13T16:45:29Z,2.0
80ODUdVA_7g,,,2026-04-13T14:00:00Z,
rX2aejd2zho,@ITUANO2010,ESSE REGIME QUE CONTROLA O IRÃ É COVARDE E PRECISA SER TROCADO PARA O BEM DO POVO,2026-04-14T12:32:10Z,1.0
ELIAS8rYpls,,,2026-04-13T13:17:20Z,
YFSIUZRGovk,@RudolfBerggren,A Economia ficará incerta e logo os preços do óleo combustível podem variar dependendo da demanda global por energia e isso pode gerar falta do produto e logo depois do Sol uma Nova Batalha se inicia e por esse tempo chegará o Grande Tumulto em meio à negociação em um acordo quebrado depois todos levantando o rosto para o céu e de fogos escondidos um Grande Lugar queima no Jardim do Mundo a Nova Cidade no Caminho das Montanhas feitas pelo homem e com o calor um vento quente e logo a Grande Cidade ficará deserta e nenhum só habitante permanecerá e novamente o arauto é enviado para anunciar a rendição. Do Oriente virá o alarde que atingirá o Mar Adriático e os herdeiros de Rômulo com a frota iraniana tremei habitantes de Rodes e Ilhas Baleares. Tremerá a gente do Rhône e ainda mais a do Loire. Perto dos Alpes o Papa aniquilará os invasores. Os Persas envolvem no conflito a Tunísia e a Algéria Lyon Sevilha e Barcelona caem. Quase um milhão de homens em prontidão e os italianos não têm condições de ajudar. Os conflitos de Hebron chegarão ao Tejo ao Tibre a Roma ao Lago de Genebra. Durante o tempo em que os Persas irão do mar Tirreno até o Danúbio fará passar anfíbios até a Toscana estando o bem-estar perdido em Florença. O chefe do Oriente porá em fuga todos os ocidentais bombardeios tempestade epidemia e a fúria do inimigo e subjugará seus antigos conquistadores e fogo trepidante do centro da Terra e fará tremer em torno da Nova Cidade e dois grandes rochedos farão longa guerra e então AretUSA avermelhará um novo rio.,2026-04-13T13:12:27Z,0.0
tKk8d9eA-8k,@leiosilvanoavila7163,"O laranjão quer controlar tudo, pegou o petróleo da Venezuela  agora quer o petróleo iraniano,  tava na hora de alguém dizer que ele não é o dono do mundo.",2026-04-13T15:41:14Z,0.0
4DMSvwSc7HI,@marcoscamilo7200,a resposta letal é bombardear com drones o mundo inteiro?<br>a cara desses covardes terroristas,2026-04-13T13:42:38Z,1.0
Tk5dYNDwEsI,@marcoguedes4384,O laranja precisa de um psiquiatra so isso,2026-04-13T19:04:07Z,3.0
kDRWCOevzRU,@emmersonsilva2061,Presidente patético,2026-04-13T15:03:12Z,0.0
icXGmGcfNHU,@clairmendonca245,"O cara ataca o Irã que disse que fecharia o estreito em retaliação, aí ele ataca pra abrir, e agora quer fechar.<br>Vai entender kkkk",2026-04-13T13:03:37Z,7.0
gNhj1Bk4gNw,@Estoyco.,Vai ter controle só se for com barquinho de pesca 😂,2026-04-13T12:14:17Z,7.0
iMag5yqCGXo,@vivianeaguiar335,"kkkkkkkkk Bloquear o que já está bloqueado? Ele quer inverter a narrativa, para que ele pareça estar no controle, coisa que está bem evidente que não está.",2026-04-13T11:59:10Z,7.0
dmUxs678k-k,@brasixaqp1,Mundo mentiroso esse falam e escrevem parece que fosse verdade.,2026-04-13T11:35:17Z,1.0
99JV1nLxQgs,@lolitakurt7328,"Quem tenha pago, e nao pagado.",2026-04-13T10:22:46Z,1.0
UldV59bO6hA,@boredgrass,"It goes to show how dangerous totalitarian regimes like America, China, Russia and North Korea are, to name just the worst.",2026-04-13T15:21:02Z,7.0
67Zdh-ZthAM,@RodrigoSanches-d9h,Bloquei agora mar!,2026-04-13T12:47:00Z,0.0
EpvMbmNTzcI,@GenisioPontes,Tá bloqueado de tanto navio encalhado kkkk,2026-04-13T13:55:06Z,0.0
uTxaehCniS4,@meusbacanos,Vai bloquear o estreito que já estava bloqueado,2026-04-13T00:49:48Z,20.0
4zkvMTjLXr4,@marivaldohenrique6130,O mar é livre se uma peste de qualquer país atacar navios trabalhadores o mesmo deve ser destruído,2026-04-13T13:52:19Z,0.0
-lR4Z6C25C0,@MatsEnrac,Kkk a grandes imprensas vassalos se esforção para esconder o fracasso do Estados Unidos. As grande imprensas tá virando piada internacional kkk.,2026-04-12T23:18:39Z,5.0
GNDMI_lwy_I,@MADMAX-lo5hh,VAI BLOQUEAR O BLOQUEIO QUE JA ESTAVA BLOQUEADO PRA 😂😂,2026-04-13T02:31:38Z,1.0
ghJZbglmK9w,@ArnaldoOliveira-n8p,As drogas causam desturbios mentais,2026-04-16T02:27:49Z,0.0
XQvaBJGLtbk,,,2026-04-12T18:59:06Z,
cmfADFuFd2Y,@OBrasilédosbrasileiros49,Mas o Laranjão já não tinha obliterado as forças armadas do Irã ?,2026-04-12T19:04:21Z,22.0
Az1sfeJ-Rn8,@caickbrito7406,Os caras estão brigando pra liberar um estreito que até então era livre.,2026-04-12T20:00:37Z,37.0
-u5xCMhezj8,@Beca32,"O Regime aiatolas Árabe extremista islâmico, religiosos fanáticos, financiadores do terrorismo, precisa ser contido, liberdade para os persas. Graças aos EUA isto está sendo possível.",2026-04-12T20:01:15Z,0.0
g-eCOTxKQak,@ochapeudealumínio,“Minas que SUPOSTAMENTE o Irã colocou” oxe!! Essa CNN é de um amadorismo absurdo! Isso ja foi confirmado pelo Irã,2026-04-12T18:58:06Z,10.0
DGVTu-Ncg5k,@CarlosPereira-vq3ol,"Pois é, concordo plenamente. Infelizmente, estamos vivendo uma era de violência e de desrespeito aos acordos e ao direito internacional.",2026-04-12T19:50:12Z,6.0
pYOllUDlGDQ,@tracyaukerman4584,Don’t listen to what they say.  Period!!😢😢😢😢😢,2026-04-15T18:58:58Z,17.0
p13--C_Hvpk,@MarcosAurelio-d3b,Zé ruela quem fechou foi o Iran kkkkkkkk,2026-04-13T12:30:02Z,1.0
hT5FCU9sPMQ,@CWK090,The scowl look on reporters with TDS is priceless 😂,2026-04-13T19:27:30Z,3.0
001yh_yNLVU,@williamfoliao8774,Estragos Desunidos tomando gostoso no sul. 😂😂😂😂😂😂,2026-04-12T17:18:21Z,17.0
dqvo6sDCBsw,@mark0805-l4k,Se fosse com os portugueses ninguém se atreveria,2026-04-17T21:50:26Z,0.0
v_kfUXr8CLU,@Norastrodocometa-500,Esse Trampo está desmoralizado depois que sua poderosa marinha mostrou ao mundo que não tem capacidade de desbloquear o Estreito de Ornuz.,2026-04-12T23:07:13Z,7.0
vkoq-EbnMb0,@djgilmixoficialekipartmusic744,FAKNEWS 😂😂😂😂😂😂 TODAS AS MINAS SÃO  RASTREADAS,2026-04-17T22:02:38Z,0.0
M5jI8fQM0hk,@IranneideNicacio,"É muito descarado mesmo, o sujeito taxa torto e direito, roubando na cara dura. Depois vem culpar outro país pelos atos dele. Hipócrita",2026-04-12T16:51:44Z,4.0
GVTWJPuFJUI,@gustavos.4996,"ou entao,desculpa po senado a resposta dos gastos dos trilhoes so em regime militar&quot; enpresas num sub  mundo..poder ser tambem",2026-04-12T20:58:45Z,0.0
ISvhRW5NQ5I,@helena.1759,Por hora eles se contentam com o pedagio na tentativa de barrar o tráfego de navios chineses. O alvo sempre foi barrar a influência da China.Resta saber quanto tempo vão aguentar manter o aparelho militar na região com uma dívida interna de 03 trilhões de dólares que só vai aumentando e nem mesmo com todo o petróleo que estão roubando da Venezuela vão conseguir sanar a dívida fiscal interna. A China está na gargalhada😂😂😂😂.,2026-04-12T15:19:28Z,7.0
bzKxuoJ80K4,@williamrabelo277,"AQUI DE RONDÔNIA , UMA BOA TARDE A TODOS",2026-04-12T18:40:06Z,2.0
twe3cbbyBcA,@docenciologia0711,Agora ele consegue uma guerra com o resto do mundo,2026-04-12T17:10:23Z,6.0
g1Imx9o1Fbc,@DoraFerreira-f3n,Ah meu Deus misericórdia?,2026-04-12T19:30:21Z,2.0
1-pOuTyT2Pc,@WallaceMagalhaes-pz9gk,Ótima análise da professora!,2026-04-12T17:34:02Z,0.0
ix2605wiWOA,@savitharsavithar8807,E o Irã repõe as minas no minuto seguinte😅,2026-04-12T14:36:18Z,3.0
dQ_efnU--Ik,@marizaalves7520,Estão tirando as minas...,2026-04-12T15:20:58Z,7.0
Wy1Xq80vgVA,@TartarianNews,FICAM??? Já estão SEUS IDIOTAS!! E o IRÃ esta ganhando!!,2026-04-12T16:41:19Z,1.0
2TIVLhe8CPY,,,2026-04-12T11:51:07Z,
IcyXkXQUGFk,@wagnerrenno5301,Meus amigos<br>Vinte por cento não representa nada <br>Mas é a comida que passa por aí para países que não produzem nada,2026-04-13T11:10:36Z,3.0
q_MmdA6wDJc,@alessandrapacheco9216,"Bom dia, A Luz Venceu 🙏💛✨️🙌👏👏👏",2026-04-12T12:48:40Z,3.0
ob6iI5L145Q,@jerusalem4894,SAI NÁO PRA VER A PRIMEIRA A SER CONFISCADA ÉA ILHA DO PETROLHO,2026-04-12T22:19:39Z,0.0
6wcRiCFoZwM,@rosildarodrigues1213,O Iran está errado em fechar o estreito de Ormuz não é deles é de Deus,2026-04-12T10:03:42Z,4.0
G36k_K1I3K0,@RuanCabral-x5w,"EUA virou sinonimo de mentirosos, quem diria, logo a democracia que era bem falada agora virou chacota.",2026-04-12T09:41:19Z,0.0
kOnp5bfR45c,@vitor.andrade1706,Muito bom vídeo... <br>Agora faz um vídeo do que está acontecendo lá em hormuz...,2026-04-12T11:41:08Z,0.0
q5NRrRUob6k,@CelsoDeCarvalho-i8m,China tá se cagando pra pais q está em decadência,2026-04-12T00:32:15Z,2.0
nkNgGjM4G78,,,2026-04-11T22:40:34Z,
FXyai_O5LA4,,,2026-04-11T22:30:00Z,
soyVytHIFZg,@290quest,"Esta errada informação,  como o Iran nao registrou onde colocou as minas, eles mesmos nao sabem nem quantas nem onde, agora o tiro saiu pela culatra pois nem navios amigos do regime tem coragem  de passar la. Os americanos estao com 2 fragatas especiais tentando remover mas sera impossivel de conseguir todas",2026-04-11T22:47:25Z,0.0
eMloo8Tyy6A,@leandromendes2322,Navios de guerra dos EUA atravessaram o Estreito de Ormuz e a abertura completa do Estreito de Ormuz pela primeira vez uma vitória dos EUA,2026-04-11T23:31:29Z,0.0
ekgWpzJVw2g,@RamiroBertoli,O que faz o MEDO dos Estados Unidos,2026-04-11T20:59:03Z,0.0
z7oQ_KGtcVg,@sandroazevedo3962,Menti que nem<br>Sente,2026-04-12T00:32:46Z,1.0
E9aRD6Z2XAg,@samchrara7508,"Hopefully iran got it, so let america live in fear 24/7 😂😂😂😂😂😂",2026-04-12T02:01:11Z,26.0
7InsddpRo8A,@AiltonNogueira-ep2jv,"É isso aí, minha filha, não é você tá culpando o Irã, você podia voltar atrás você podia é você tinha que falar assim o Estados Unidos tem que voltar atrás para limpar a bagunça a bagunça que Estados Unidos fez não foi Irã, não foi Irã que pediu essa guerra foi infelizmente Estados Unidos que tem que limpar essa. Bagunça porque foi ele que continuou a guerra. Open it on não é culpado de nada, não, ninguém tem que culpar o Irã, tem que culpar o Estados Unidos uma guerra sem quem ser pra quê não perguntou ninguém sequer se não quer entendeu, vai chegando e da Venezuela Venezuela foi assim e foi chegando e dizendo que o cara era aquilo é aquilo e daí quer fazer com. Cuba e se não parar por aí, vai continuar essa com essa lama. Can You song? Essa besteira porque uma guerra sem quecer pra quê e acham que o pessoal que acha quem entende de guerra não sabe de porra nenhuma❤",2026-04-11T22:21:22Z,0.0
-xEK9OG6ll4,@celioviana4591,Viva Trump viva USA,2026-04-11T20:09:03Z,1.0
7PZAWM-C2jw,@futebolousado8545,Já foram derrotados umas militarmente umas 30 vezes só nessa guerra em. Menos de um mês,2026-04-11T20:35:41Z,4.0
fGd4fCoEask,@StickFire85,They’re like “do something”,2026-04-11T20:55:57Z,60.0
EylR8m-_jq8,@baiseamaral9797,Acreditam em papai Noel rsrs,2026-04-11T22:31:16Z,1.0
4Qgnt7edvF8,@Vivi23-p4n6g,2 da china e 1 da russia,2026-04-11T19:09:36Z,2.0
kWHW0G5mdWU,@Hind_Rajab_in_memoriam,"Abra a porta, fecha a porta, abra-te Sezamo...Grande Raul Seixas.",2026-04-12T19:56:15Z,0.0
BQsNi41moZI,@j.soares1806,Simples . Usa os drones aquáticos. P acionar as minas,2026-04-11T16:08:59Z,36.0
Gfx4WlZkuD4,@herikabehaz,"Eu moro no Japão , essa semana a mídia japonesa até divulgou um mapa para os navios japoneses como desviar das minas kkkkkkk como agora não sabe ?",2026-04-11T16:26:01Z,66.0
AsXJquYYdZw,@rosangelaantunes5188,"Excelente comentário professor,  fácil de entender. 😊",2026-04-11T14:33:44Z,35.0
b_fqbN8e0j8,@PauloRLustosa,Tarcísio Maga vai resolver,2026-04-11T15:18:49Z,1.0
Zk17aK2P0xg,@fatimamenezes5776,"O dia mal começou e já está completo com mais essa aula , obrigada JK !",2026-04-11T11:30:15Z,86.0
bH5U2Ce8DTw,@gustavoholanda2,"A tendência será mudança da matriz energética, isso sim",2026-04-11T00:15:36Z,8.0
JGD8bf6oPjc,@abeloliveira5334,Ele é um camisa 10 do Irã como Eduardo Bolsonaro é do PT...,2026-04-10T22:40:20Z,13.0
9t8-hNZcuWc,@FelipeLuizPereiraNunes-yh9rc,"Em vez de fazer um rasgo imenso , será que não é mais fácil e barato fazer vários  oleodutos bombeado até outra ponta com um bom porto! Aconomia e rapidez naval!",2026-04-11T00:49:21Z,16.0
6Y8K9SdrCfI,@abaixocapitalismoeseusdemo5707,"O Estreito de Ormus agora pertence ao irã, a nova potência mundial. 💪",2026-04-10T20:47:07Z,2.0
XrgGzsuosbg,@clariceriedi2681,Iso nao e bom,2026-04-11T04:42:28Z,0.0
ADYHyfKva3c,@advogadoarmandooficial,Essa é a melhor repórter.,2026-04-10T14:27:40Z,3.0
CqU0IgQejmc,@shavysenglishhut,Really interesting! 👍,2026-04-14T12:33:07Z,0.0
9j-U6kLITmI,@João-Katerva,SERÁ QUE ELE TÁ COM UM CÂNCER INCURÁVEL E RESOLVEU BOTAR FOGO NO MUNDO?,2026-04-10T14:05:54Z,0.0
l1u860-FlOI,@antoniorodriguesreal476,O  povo do    Irã  tem q acabar  com os ayatolas e fazer uma eleição no 🗳 voto com uma democracia baseada nos USA.  VIVA ISRAEL VIVA USA VIVA TRUMP VIVA NOSSA LIBERDADE 🗽 🗽 🗽 🗽 🗽 🗽 🗽 🗽 🗽 🗽 mundial,2026-04-10T13:47:10Z,1.0
zlXuuwbrJ6A,@edilsondossantosesantos8319,🙏🙏🙏🙏🙏🙏,2026-04-10T23:19:04Z,0.0
YoMTnT9gvEA,@apenzelerdutra,Os americanos precisam tomar esse estreito !!!,2026-04-10T11:26:08Z,1.0
BxnvDCeprXg,@SweetPampino,"o netanahuy é um corrupto que ninguém em israel gosta dele. vai ser julgado esse domingo e quer dilatar a guerra pra continuar no poder, como bom ditador que é.",2026-04-10T02:47:59Z,4.0
rWc32URnuiQ,,,2026-04-10T00:19:03Z,
X4Dz1OCBZiw,@allankardecborges298,"Ta gaguejando muito, isso é prova de que não sabe o que está falando. <br>Gaguejou gaguejou e não disse nada.",2026-04-12T23:59:54Z,0.0
CkVj38Z1WTI,@heliohanada804,"O Irã dá show em estratégia de guerra contra os EUA e Israel. Deu um xeque mate nesses lideres, pois se eles escalarem a guerra, a inflação explode e a recessão mundial virá forte e mantém a pressão com o fechamento do Estreito do Ormuz. A única saída é fazer um acordo que seja razoável para o Irã, algo que será interpretado como derrota. Se isso ocorrer, ele demite o Hegseth, que foi o grande incentivador dessa aventura totalmente irresponsável.",2026-04-09T14:55:27Z,5.0
1TeEMD-jPu0,@wagnerboni2326,Depois não reclamem que são tratados com nojo em outros países...e vamos pro bar!!!,2026-04-09T14:23:07Z,0.0
wk7WpdEouP4,@paulocarvalho9193,Correto  certissimo  ja deveria cobrar faz muito tempo atrás.,2026-04-09T21:55:40Z,3.0
tyRunXFAvcU,@EdsonLemos-qm6qy,Já imaginou andar trinta e três km.<br>E muito distante pra se chamar de estreito.,2026-04-09T12:50:05Z,0.0
fkUq90NEeAk,@DircineidePereira,Osiranianoestaosimelandotodoskkkkkkkkkkkkk,2026-04-16T01:43:32Z,0.0
D5Eetd6-9f4,,,2026-04-09T02:06:45Z,
lzSaVUuBWlk,@mariahelenacarnielfongaro4962,Amém 🙏,2026-04-08T23:56:07Z,2.0
72ioNMaKlWI,@eliwiermann3313,"Parabéns e obrigado Irã e seu bravo povo por lutar por todos nós contra os TERRORISTAS, estelionatários, pedófilos, genocidas, golpistas e ladrões americanos e israelenses.",2026-04-09T00:19:17Z,13.0
GISPq7q0DXM,@dois-café,Durou menos que feto em barriga de feminista.,2026-04-09T00:56:53Z,10.0
KJfK6MWaeWM,@ricardocapllonch5355,Os judeus eram um povo mais feliz quando viviam em paz junto com os palestinos. Na Palestina!,2026-04-08T23:40:02Z,3.0
7bY69LAipEs,@paulomuller332,Será que o povo não  foi obrigado  a cercar os alvos americanos  pelos seus ditadores?,2026-04-08T23:54:52Z,0.0
UsWXQ3pH6Fw,@penhacutrim469,"Donald Trump,  deixa os jornalistas esquerdopatas, pedidos, isto e bom pra bons resultados no fim",2026-04-08T22:39:54Z,2.0
2fjOST3kLaw,@gplgomes,Entrar em guerra dependia de aprovação do congresso mas Trump cagou para isto.,2026-04-08T22:31:58Z,18.0
jLCO-jCYZ_k,,,2026-04-08T20:04:07Z,
G-xMGcyKvS0,@RaquelTelesmachado,Não tem acordo com quem não tem palavra,2026-04-08T23:47:16Z,2.0
WXLvYnfVEGM,@brayanpaula2006,Provavelmente é Israel atacando território iraniano pq eles estão doidos para o Estados Unidos destruir o Irã,2026-04-09T00:07:52Z,0.0
u1qWsEt4020,@nadirlima3807,Por que não falam que Israel desrespeitou o tratado e  atacou o Líbano e esse foi motivo?,2026-04-08T19:32:46Z,210.0
gxpXxHcFNCY,@vidracariavaleeuropeu61,"Oque vai acontecer é que no desfecho o irão passará a cobrar taxas, como Turquia e Egito fazem!",2026-04-10T01:05:50Z,1.0
5TsU7kJ9h9Y,@antoniojose3180,Isso é proposital jogo certo pra Irã se envolver e ter problemas novamente...!,2026-04-08T21:33:45Z,0.0
_UTDrcFL9e0,@Beug.reuwmi-ig1sy,😂😂viva irã 🇮🇷🇮🇷🇮🇷🇮🇷❤❤❤,2026-04-08T18:46:02Z,1.0
c0c6KiiRe50,@feinteligenteguardadeisrae8619,Enquanto isso eu compro e vendo ações 😂,2026-04-19T00:15:07Z,5.0
NHQDbMLcs4Y,@ElianeSilva-zc2wy,"Com armas nuclear, chantagem o mundo e se não se render , destroem o planeta.",2026-04-14T19:35:49Z,7.0
nej4Ba9dGe0,@Zeus_Skygod,O Laranjão deve tá querendo botar os navios lá para tentar receber pedágio também.,2026-04-13T22:59:29Z,225.0
divUuLOHk6c,@CelsoVargasMedicina_vida,Mas eles ao ataques ao estreito era correto kkkkkk,2026-04-13T20:59:21Z,1.0
u2QAG7ls9Is,@EdnalvaLima-pe4bf,Não  doi dizer que nosso presidente barrou os preços,2026-04-13T15:45:38Z,0.0
25k-wvA7H-E,@felcs013,Isso é inadi missel neles,2026-04-08T19:18:32Z,0.0
02LXvYAzsSk,@nilzetelinadejesus9770,É muito triste tudo isso!!😢😢,2026-04-08T18:17:48Z,52.0
CbyDjSdyUo8,@selmaonesima1891,Se Israel vai continuar atacando os outros países do oriente médio coisa que Israel não é fica difícil um cessar fogo né,2026-04-08T17:41:27Z,0.0
8_ahxbkcZYI,@cristianfabiooliveiradasil4247,"Todos quiserem o cessar-fogo menos Israel, rapaz não dá para entender mesmo",2026-04-08T17:32:49Z,2.0
GlmYvKY3jYg,@Ezequieltorres-m2q,Trump manda seu filho Netanyahu para a briga 😂😢😮,2026-04-08T16:30:17Z,9.0
P9LWAWaM7e4,@LíviaM-b6q,A terra santa mais demoníaca do planeta.,2026-04-08T18:22:03Z,0.0
UHyl6xm6d2o,@rosangelamiraldi5138,"Eu já sabia há horas atrás, em via direta, o povo iraniano já tinha conhecimento.✅",2026-04-08T16:56:34Z,8.0
1FlCxzcqM_4,@alexandreb.radtke3895,O dito &quot;povo de Deus&quot; é quem está trazendo o inferno para a terra,2026-04-08T19:35:30Z,1.0
MHbRqdi-aPE,@mariasaopedrodossantos1274,"O que o mundo está assistindo é que o Irã, apesar de não ter à mesma capacidade militar à dos EUA,  ele demonstra quem decide à guerra é o atacado e não os atacantes.",2026-04-08T23:31:16Z,2.0
AVS1fxTXW50,@FreedonPlease,Fechar o estreito de Ormuz fere as leis internacionais?,2026-04-08T15:03:23Z,4.0
HzKJpuFZIIo,@AmiltoDaSilvaMorais,Não vote na extrema direita partido contra os Trabalhadores e o Brasil 😊😊😅😅😅😮😮😢😢😢😢😢😢😢😢😢😢😢😮,2026-04-08T13:26:23Z,2.0
zRMKnAOlBjY,@arilsonferreira3228,"Não se cobra pedágio em recursos naturais. <br>Pedágio é aplicado em infraestruturas construídas pelo homem. <br>Se isso acontecer, o mundo inteiro paga a conta. <br>O que baixa os preços é a melhor fluidez das cargas de menor preço de seguros.<br>A tentativa de controle armado que o Irã vem fazendo a décadas no estreito de Ormuz, tem feito a seguradoras extrapolarem a cobrança de seguros encarecendo o petróleo para o mundo todo.",2026-04-08T18:27:21Z,0.0
1lFjEMOrYe0,@carlosmasson8718,"Tem que tirar o poder do Irã sobre esse estreito de qq forma, ou então mudar o Governo Iraniano onde ainda reina um sistema xiita genocida. Todos os outros países islâmicos da região são mais democráticos.",2026-04-08T13:21:16Z,1.0
xhdNqhmGzxQ,@Alexom212,Que notícia boa,2026-04-08T12:13:18Z,1.0
wCN5Cu0pJhU,,,2026-04-08T01:40:00Z,
fA4LoXQZ2Vk,@JoséItamar-i6f,"O MEU PAI DIZIA:  QUEM  TEM C,,, TEM MEDO.",2026-04-08T01:03:44Z,4.0
3cIWgiu940g,@joaobatista2795,Porque você não fala os outros acordos,2026-04-08T08:48:54Z,12.0
2SCa0jBZDWE,@josiel4lves,"Ainda bem que amanhã a gasolina volta pra 6,49",2026-04-08T01:41:25Z,4.0
1eUNEeSykcw,@cristinar.4139,Meu Deus 😱😱😭😭😭😭😭😭😭😭😭😭😭😭😭😭😭😭😭😭😭😭,2026-04-08T01:26:54Z,3.0
2IbEEqFj4uY,@AntônioCaçadorDeBetinhas,"Ele amarelou, era óbvio que isso iria acontecer, porque ele disse que iria acabar totalmente com o Irã, isso é completamente absurdo, odeio o Trump",2026-04-07T23:42:00Z,1.0
LIYjbLrHcgI,@jeanedson,"Trump está parecendo o meu amigo que toda semana  diz que vai pagar a grana que eu emprestei!   DANCEI  <a href=""UCkszU2WH9gy1mb0dV-11UJg/LsMfY8P6G-yckNAPjoWA8AI""></a>",2026-04-08T00:01:39Z,0.0
eKeFSDp9TGg,@magnusmeirasilva8721,Certíssimo!!!! Estão no direito deles!!!!🇮🇷🇮🇷,2026-04-07T21:43:21Z,18.0
P4liY4KEzcA,@ritaedmeia7270,"se o thamp adiar prazo de novo,o Irã vai cag4r pra ele",2026-04-07T21:48:44Z,1.0
Dr18Lrqvpdk,@JoãoGomespimentelpjota-y9z,Que o nosso Deus poderoso continua protegendo a nossa querida Ucrânia e os Estados Unidos e todos os países que defende a sociedade  e o direito das nações,2026-04-14T01:29:54Z,1.0
oR3b-7_DooY,@NeliaLouvem,"Meu Deus, tudo pra roubar, que isso gente, não pôde invadir um país assim,😮 maldito Israel, maldito Trump que vcs caíam nas suas próprias armadilhas 🙌🙌🙌🇧🇷🇧🇷🇧🇷",2026-04-07T17:21:16Z,0.0
NAVPJflc-ss,@globo-y,Concordo 100% aproveita e dá uma passadinha por el aqui.,2026-04-07T16:19:04Z,0.0
H5xTjlK9dIQ,,,2026-04-07T00:48:46Z,
gBdPo-qyyFg,@viiysouzza6244,Uns dizem 20% outros dizem 30% nao se dar pra confiar nesses carinha de notícias falsas ou meia boca,2026-04-06T21:58:04Z,0.0
o1Kt-Y3ktxY,@JoseSantos-mm9xz,"Extraordinário, conteúdo de tirar o fôlego mesmo de um leigo em geologia. Parabéns!!",2026-04-07T09:18:26Z,17.0
urjr3MKWwhk,@fundosmusicais.6959,O Irã será riscado do mapa.,2026-04-06T20:07:05Z,3.0
USC17i1Vp2I,@willamisantoniodasilva9255,Só mais 72 horas patriotas 😂,2026-04-06T12:57:03Z,11.0
tuThhkAjZYE,@nelliovelas,Eles que pesam vão morrer todps tem mas uns 1000 caça,2026-04-07T00:42:26Z,0.0
SrkOHoHNRFo,@donizetidaniel9050,Não  pode um caminhão  atravessar  o Brasil  gastando  petróleo diesel..e pneus ..tem q usar trens e navios. ...caminhão  so espaços  menores.. o Brasil  por causa do diesel  ..fica trocando figurinhas ..,2026-04-06T05:04:27Z,3.0
1F1BDOxaM2g,@aleciaricco8577,Boa Noite Coronel Koury.  Que a próxima semana seja de Paz e Luz 🙏,2026-04-06T00:34:35Z,4.0
as_V1HFGyVA,@marianecrsouza,Se fechar totalmente os valores vão subir muito 😮,2026-04-05T23:50:27Z,0.0
JRRS2p_dnHk,,,2026-04-05T19:45:37Z,
Mai9pfetzfc,@nide486,+48h,2026-04-05T18:42:12Z,0.0
6cw_TSMcsv4,,,2026-04-05T00:36:04Z,
eWCNlsI9lnk,@origemdaroça-dw9,Parece que só o Trumpete não previu isso 😅😅,2026-04-11T16:52:24Z,6.0
sRVej7d_BU4,@dassa.barboza,🙂🙂,2026-04-14T16:36:35Z,0.0
aQSSl_o1XpQ,@rafaelalimadejesus5325,"Se fosse o contrário o genocida Trump e Israel, bombardeia tudo .",2026-04-04T23:54:50Z,1.0
S1SvG5TEoac,@rosenemachado2748,A mensagem cifrada é: aceita um acordo senão tô ferrado 😂😂😂,2026-04-04T22:45:18Z,2.0
2lMLE8_bDHg,@FabioLuis-s7w,UÉ..O IRÃ JÁ NÃO HAVIA SIDO ESMAGADO ANO PASSADO?,2026-04-04T20:43:14Z,58.0
JqpBKZi9C5g,@mazamulequedoido,Irã: “Vem tranquilo vc e o capeta !!” Kkkkkk,2026-04-04T18:17:13Z,39.0
4UYP0k1EtSI,@pedrohenriquedj-i3p,Que nao falte missieis ai Iran ...força povo Persa ....,2026-04-04T19:05:05Z,5.0
xArGOnz0K-Y,,,2026-04-04T16:45:00Z,
TfqqJ1je-RU,@marcosmartins9821,Parabéns,2026-04-04T16:02:00Z,11.0
iFvk-IWAhyA,,,2026-04-04T02:44:18Z,
qwQtrkm74TI,@herbertsantoscostadeolivei3521,É MUITO FÁCIL abrir o Estreito de Hormuz: Basta os EUA e &quot;ISRAEL&quot; pararem de bombardear o IRÃ!,2026-04-04T01:31:36Z,5.0
49h16YtZLp8,@morandonakombi,"A china está se acovardando, perdeu a Venezuela,  cuba e agora o Irã.  Não dá para confiar nos chineses como parceiros de poder.",2026-04-04T15:39:35Z,0.0
62bW7vXuPig,@joseronaldo3228,"01 vida americana???? E na invasão do IRA ,TRUMP matou 150 crianças IRANIANAS dentro das escolas",2026-04-03T22:38:00Z,1.0
rMtrzHSABhY,@joaquimosorio7454,"Parabéns, obrigado pelas noticias.",2026-04-11T18:16:33Z,1.0
cnMfU_Ip-nI,,,2026-04-03T19:27:38Z,
o8Gtzmy2oqs,@Joseremir-c4s,3 guerra mundial. Está chegando 😮,2026-04-03T17:40:30Z,1.0
cXQ6YrI_xV8,@CarloseduardoDelima-z4h,Estará. Estafando.  Mentiras.   Da elite globalistas.  K ellos keren es nos distruir.,2026-04-03T17:38:32Z,1.0
gk0PcBZHAb8,@Sofiaarantes15,"Número de sem tetos no EUA bate recorde,e isso no país mais rico do mundo!",2026-04-03T17:28:49Z,0.0
vQiDBBCGSKc,@americogn,"Merecido! Utilizar crianças, bater no povo deveria ser punido com a morte.",2026-04-03T15:26:18Z,124.0
8bHxBOzxAjY,@nelsonsturmer1852,Fácil fazer pressão ao país mais fraco e que foi criminosamente atacado pelo sionismo e pelo imperialismo yankee. Trump e Netanyahu deveriam ser cristalizados.,2026-04-03T13:22:02Z,3.0
wPCnatrAsBM,@Nrylw-w6t,"Its easy to open up, just need to pay tolls and payments in Petro Yuan",2026-04-03T08:56:17Z,127.0
ufJPok90OBs,@ricardonormandia,Ormuz está aberto. Tanto que a França está passando pelo estreito.,2026-04-03T22:56:52Z,0.0
QZXVPMAM__g,@AntônioCarlos-b9t7x,Culpado Trump,2026-04-03T04:08:12Z,0.0
h1gOMJKzGaA,@vpdev7574,"os comentarios mais burros que ja ouvi... nossa, sério mesmo que eles não tem o direito de fechar o estreito?? GENIAL O COMENTARIO.<br>Será que vai ser reaberto na &quot;violência&quot;?? Naaaahhh... ta uma paz enorme la.. 30 segundos de video e eu abandonei",2026-04-04T02:44:21Z,0.0
UyN03TuOWb4,@fut28,Se o Iran fechar o Streito ferrou. Aí que a nossa gasolina vai 10 mesmo.,2026-04-02T21:53:18Z,0.0
rov5AgY0skw,@TheoRadix,A única nação sensata até o momento,2026-04-02T14:33:03Z,1.0
VfkIp14Kr0A,@RCássia2026,👏🏼👏🏼👏🏼👏🏼👏🏼👏🏼,2026-04-03T17:52:50Z,0.0
pb0FVr1N2GU,@jotape9647,a nato é uma fraude,2026-04-01T19:25:38Z,0.0
SsE0jU6LHf4,@profValSilva-v5z,Deve estar doente até a alma de Trump 😂😂😂😂,2026-04-01T11:01:31Z,2.0
JIAVxgWFsk8,@cleocruz1583,"Pelo jeito Israel e EUA não querem paz , no máximo querem pausa para se refazerem...",2026-04-01T10:59:52Z,254.0
S-x9IImQX6M,@BeneditoGoncalves-ss1xw,"Na torcida pela vitória definitiva do Irã! Trump inventou a guerra sob influência de Netanyahu, então agora que aguente a derrota! Além de sequestrador, ladrão de petróleo, agora é covarde fujão!!! Tenho pena dos que ali moram e que nada tem a ver com a imbecilidade da guerra e de nós mesmos que vamos sofrer com as consequências das atitudes loucas de dois doidos pervertidos!!! Energúmenos!",2026-04-01T11:44:23Z,0.0
oHivV8x3sQs,@AbilioQuintao-rf8ip,Donald Trump diz : nós quadrilha de ladrões do Ocidente juntos roubamos por todo o mundo há 80 anos e o mundo reagiu contra nós agora cada qual procura por si mesmo,2026-04-01T02:11:21Z,2.0
jon0kSkj5ME,@jrberaldo3174,Alguém aí sabe me explicar quem prometeu e dê forma foi a tal terra prometida aos nomades que hoje são o povo de Israel?,2026-04-04T17:32:51Z,2.0
7eOX_WCHUDo,@andredantas75,Bem feito pra esse monte de traidor do próprio povo que ficou anos e anos babando os EUA.<br>Aqui no Brasil tem um monte...,2026-03-31T17:59:07Z,79.0
JpJ77DicO88,@luizwolneijeremias7936,"Não pode porque ele é um invasor covarde ! <br>Lá tem o petróleo que eles precisam, mas não é uma Venezuela.!",2026-04-01T12:41:41Z,1.0
B2IM127fJt0,@marcelocesar2,Mas não está fechado!  A água flui normalmente pelo estreito.,2026-03-31T14:10:24Z,13.0
E7sAqMGu3Xs,@altamirrodrigues1336,"Ditadura????? Maior ditador, terrorista e Genocidas  é o estadunidenses estes analistas são uns idiotas",2026-03-31T13:28:41Z,19.0
AlOgGJfS9Lw,@fabiopontesbh9833,Sera que vai ser pedagio eletrônico ou via free flow 😂😂😂😂😂,2026-04-01T02:14:07Z,0.0
6q2coq7KrAY,@celsoferreiradasilvaferrei9467,A GENTES  ASSISTIR  A VOSSA EXCELÊNCIA  SENDO  ENTREVISTADO. VOSSA EXCELÊNCIA  MANDA  BEM  NO INGLÊS  GOSTAMOS  MUITO  PARABÉNS PARABÉNS PARABÉNS  DEUS  TI PROTEJA SEMPRE MAESTRO..VOSSA EXCELÊNCIA  É UM GRANDE  PROFESSOR  DA GEOPOLÍTICA..,2026-04-01T00:03:26Z,1.0
hRBQpHZ9Q2I,@rubensZwingenberg,"Um certo senhor que se diz comandante da marinha aposentado, claramente esquerdista-lulista, afirma que até hoje ninguém obteve êxito na invasão di Irã. Ele não estudou história ou saberia que os romanos e Alexandre obtiveram sim sucesso contra o Irã. Por outro lado o Irã não tem experiência  em combate efetivo contra nenhum invasor poderoso.",2026-03-31T00:04:24Z,1.0
4dUIWdlTqfQ,@alisonSantos791,Vivi pra ver os estragos fdds se fdnd,2026-03-30T23:26:28Z,5.0
yqxvUmHy7ac,@cdpbtu63,ué ele nao tava vivo...segundo o Iran,2026-03-30T18:48:42Z,0.0
I4GD77EuFBc,@juliocesarbarbosa598,Toda a extrema direita mundial é um desastre ainda mais qund um psicopata  está  no comando.,2026-03-30T20:33:23Z,13.0
7N29GiC7qrI,@Vanderlysilva-s8m,Trump está com o rabinho nó meio dás pernas socorro,2026-04-02T22:51:56Z,0.0
bkPSxjkxRTQ,@smallfelps2205,Todo reino cai,2026-04-05T10:07:16Z,11.0
GRnaKYfxV0c,@marcosroger2889,Choram os torcedores dos terroristas...,2026-03-30T18:19:52Z,1.0
ZNpMaYXzIgk,@Michel-dq8dz,Meu Jesus,2026-03-29T22:02:09Z,12.0
UzYPVJMYJwQ,@rosimarcoutinho8273,É  isso aí. Parabéns  Iran,2026-03-29T20:05:03Z,8.0
ff151DJ9RxU,@alexandrefogaca4094,"O ESTREITO DE ORMUZ PARECE UMA RUA SEM,SAÍDA EM CONFLITO😮",2026-04-02T21:03:08Z,2.0
XYo_GyRD4I0,@joaodelamarta7843,Documento cheio de riqueza muito lindo Brasil São Paulo,2026-03-29T21:12:15Z,12.0
BJUTSbE4HmM,@sebastiaoaraujo1290,Estamos ferrados,2026-03-30T03:28:34Z,0.0
x5_-Iv6eoa4,@wotdouwan,It will take one shaheed drone to destroy it 😂.,2026-04-03T11:59:52Z,0.0
EHf9Fn8zfYI,,,2026-03-28T12:56:38Z,
Mu9YGNjIo74,@franciscoregisaguiar4514,"O presente Trump é fraco, pra se os Iranianos querem Bomba Nuclear tá fácil, é somente jogar em cima do Irá, aí já tem o que eles querem",2026-03-28T11:56:46Z,0.0
TyHUnnDN--M,@robertonascimentoferreira6702,Criança  não  tem o mal no coração  enem morte e dominio  do seu semelhante,2026-03-27T23:53:11Z,51.0
pWSiPOGFssQ,@FrankSkoda-Simmons,"Não se transformou. Foi transformado, pelos judeus e americanos.",2026-03-27T21:26:19Z,0.0
FRWky0vCDOs,,,2026-03-27T20:22:50Z,
KaJPGWBAoP4,@joaopedroBorges-ri1ec,EUA virou uma ditadura nazifacista explícita rumo a decadência moral e mundial!!!!,2026-03-28T20:35:41Z,5.0
lE_pNh3TXJ8,@sergiogans832,"Engraçado a Rússia está detonando Ucrânia e ninguém diz sobre ,Putin merece prisão perpetua",2026-03-27T18:18:29Z,1.0
cL7dCP7_X3Q,@itz_frederickyt6681,I guess you should invest into your people instead of wars to fill your own pockets. You reap what you sow!,2026-03-29T08:17:42Z,4.0
hKiHlC--mTQ,,,2026-03-27T13:00:00Z,
IFwHVv_h3pA,@Vidaverde95,Tem prender esse desgoverno no Brasil e ditadores de togas tbm,2026-03-28T00:49:58Z,3.0
V9ZytR1WKm4,@JoãoMário-g2g,EUA e Israel tem que salvar o povo escravo dos aiatolás,2026-03-28T21:16:47Z,1.0
o5iN1gO5hWo,@andrealivia,"Que voz Poderosa, mds! 👏👏👏🧡",2026-03-30T17:14:16Z,1.0
6T3Z45X69MA,@Concurseiro.EngCivil,"Os caras de Irãn lançam bombardeios aleatórios não estão nem ai pra nada, logo o que se esperar de uma nação que extermina o próprio povo.<br>Mas, no final das contas, só quem sofre é o povo em ambos os lados...",2026-03-28T15:00:38Z,7.0
3x20T1uIO_8,@ingridaquino5096,Amoooo ❤,2026-03-27T20:22:18Z,0.0
0v-mzCMw7KI,,,2026-03-26T18:34:57Z,
AUOV_dJT5ro,@jporto1778,Os persas são resilientes diante do inimigo. Cuidado!,2026-03-28T22:08:57Z,0.0
D_QZhtK-70M,@AparecidoSaraiva-w5p,Mais um kkkk,2026-03-26T13:15:23Z,1.0
xsp_G5dZuUA,@MrKlipstar,"Abrir o estreito do outro...fds,🕳️",2026-03-27T10:34:14Z,1.0
Xr3p5s9u93I,,,2026-03-26T01:27:43Z,
niSgHu050mU,@denisongomes6150,🫶🏻🇧🇷🫶🏻🇧🇷🫶🏻🇧🇷,2026-03-31T01:08:08Z,1.0
HKSqMfM0zvc,@OlavoFJV,"Laranjão que gosta de crianças foi cutucar a onça com vara curta, só não esperava que a onça pudesse revidar pra todos os lados kkkkkkkkkkk",2026-03-26T02:07:11Z,212.0
v_I2ZtrLkw8,@eliassouza7009,🇮🇱🇮🇱🇮🇱🇮🇱🇮🇱🇮🇱🇮🇱🇮🇱🇮🇱,2026-03-28T20:43:38Z,1.0
RJParm7dt2E,@Cruz68-01,O Irã precisa derrubar um b52 americano,2026-03-28T02:41:59Z,0.0
o1Qxnt9WRHA,@DKAIAI,"A $200B canal to bypass the Strait of Hormuz sounds almost impossible, but it shows how far humanity is willing to go to secure global trade routes. This isn’t just engineering — it’s geopolitics, economics, and strategy all combined.",2026-03-31T02:07:26Z,9.0
FO8LOuj6dOE,@cleverlan,E só USA para,2026-03-25T13:41:04Z,0.0
2Rs2wBXT2Po,@SérgioBarbosa-k6m,O iran esta apenas se defandendo dos dois covardões terrorista trumpiso e beijamin netaniaro milhares de vidas humanas sendo seifadas por anbisões e inveja dos outros paises 😢🇮🇷,2026-04-02T15:55:28Z,0.0
U9GOIMgY_DU,@curiosonauta6k,"Milei vai resolver, ele está enviando seus soldados todos munidos de motosserras, Go Milei!",2026-03-25T00:41:22Z,2.0
zRLrcsOAQvw,@arnobioluiz8273,Na OTAN só tem covardes que se aproveitam dos U$ americanos pra sustentar essa merda!!,2026-03-24T23:44:48Z,34.0
adSshT6VtMc,@ElviraAntunes-u6m,"Graça e paz pastor,realmente estamos nos últimos tempos,cada dia que passa as escrituras se   confirmam.",2026-03-25T07:28:50Z,1.0
G6NZNjsn8oY,@waldirteixeira9372,Já comprei a pipoca,2026-03-24T23:08:17Z,0.0
0lq_COiUMrE,@victorteixeira453,Excelente conteúdo 👍 🇾🇪🔴⚪️⚫️,2026-03-25T13:06:10Z,1.0
-hG1ERjyd7E,@hf5029orizona,Alvo fácil prós americanos,2026-03-24T23:17:13Z,0.0
s42tTC6NtAg,@anabecoachj123,Maravilha. Acabar com os chantagistas!!!!,2026-03-25T03:54:19Z,3.0
s021aBt3r5A,@GuilhermeAmaro-vv3im,IRÃ agora acaba de quebrar Estados Unidos tudo culpa do laranjão bebezão mimado,2026-03-23T18:28:46Z,6.0
oeIoeIFmrU4,@albaguzman5485,He is my President for whom I have voted for. I feel so proud of him. He is a brilliant leader! My our Lord continues blessing him 🙏💯♥️🇺🇸,2026-04-01T01:13:37Z,4.0
CfDOWWlcX2U,@josecarlosdocarmo5734,"São 20% do petróleo mundial que circula por ali.  Mas esses 20% não são da produção mundial, mas do que se consome, que, por estratégia dos americanos, chineses e outros países, são comprados do países do Golfo Pérsico, que se destina a garantir àqueles povos um meio de sobrevivência, já que sem a venda do petróleo não têm como sobreviver, pois não têm como ganhar dinheiro de outras formas, e também para fazer reserva de outras fontes de petróleo para serem usadas no futuro. Ou seja, se o mundo desenvolvido quiser, é só comprar esses 20% de suas necessidades de outras fontes.<br>Porém, em sede de estratégia, não é sábio    parar o consumo de petróleo desses povos, pois os porá em risco de  miséria e isso será um problema global muito maior.<br>Por isso esses 20% remanescem como necessários, não que o mundo não tenha donde tirar esses 20%, mas para evitar um colapso financeiro da região e daí um colapso humanitário mundial,  posto que   os povos muçulmanos são  exclusivamente dependentes de vender esses 20% para não morrerem de fome e sede.",2026-03-23T17:19:55Z,1.0
ieCiigAfUjI,@bruna6213,So mais 72 horas Trump kkkk,2026-03-22T22:56:00Z,45.0
A2Z0XF3FxLs,@valdirapolinario676,Quer saber o irã não vai aguentar,2026-03-22T20:41:43Z,4.0
XT3iAvcTYPQ,@Tiago-d9y,Esse cara é completamente maluco,2026-03-22T15:23:10Z,23.0
yW4SOrjunbM,@VALTERORTIZLACE,Deu pobrema no motô 😂😂😂😂,2026-03-23T12:11:41Z,0.0
_L6WWdkHB_Y,@paulabritta1501,Ordena? E quem disee que ele manda lá? Afff,2026-03-22T13:14:31Z,106.0
cdBVndmddHo,@LisPFS-u2o,Parabéns,2026-03-22T13:14:33Z,2.0
m0s3rHXP3mU,@TonyGordo171,"trump é igual o valentão da escola ,OU VOCE ME AJUDA OU EU TE DEITO NA PORRADA",2026-03-22T01:23:03Z,15.0
8G58OZVgDZQ,,,2026-03-21T18:13:59Z,
2BOWMyJSt6I,@hanksfor,Porque os Estados Unidos não toma conta desse estreito eles tem armas pra isso!!!!!,2026-03-25T23:26:53Z,0.0
9Uqeh3sAf74,@joaobatistaf2859,"Agora vá, vão levar é mísseis na trazeira. Kkkk",2026-03-21T14:20:00Z,7.0
6sD9gJ7urac,@Imperadorcaique,Isso aí é loucura de Trump!!,2026-03-21T00:09:26Z,4.0
MgSgbg8qF9c,@AmadeusPollice,Esta ultima mapa e&#39; na posicao justa,2026-03-22T00:19:28Z,0.0
Wh4Lt_63K1s,@santosmarc1,Quando as privadas do porta aviões começou a vazar pra todo lado já era um mau sinal...kkkk,2026-03-21T02:41:25Z,12.0
UQywKkKrleE,@LuisFernando-hg7wd,Tá longe o nível do entrevistado para os entrevistadores meus Deus,2026-03-20T23:32:26Z,35.0
UYCMA7jBkP8,@guilhermemoraes5181,Aqui tá cheio de Left derrotado achando que EUA tá com alguma desvantagem hahaha.... resultado da mídia confusa sem informações alguma.,2026-03-21T16:09:23Z,4.0
BGZRwqzuHVw,@NutsAboutData,&quot;brrrrrrrrrrrrrrrrrrrr....&quot; ☠️☠️☠️,2026-03-20T16:03:38Z,69.0
o4fWyIIyA9k,@JaimePetro-ky4ek,Que triste ver como esos países tienen la plata que da miedo y como es posible que EEUU que está a kilómetros de hay el sea el simberguenza que quiera mandar todo,2026-03-25T10:22:30Z,5.0
e75B2Rvjct0,@sergioluizgagleote1251,Está mais que na hora de diminuirmos a dependência do petróleo. O planeta ficaria grato.,2026-03-22T03:54:54Z,1.0
BSlKVB-aGfU,@PeregrinoBr4siL,Mídia Br é Bizarra! KKKK ...,2026-03-20T00:36:34Z,0.0
hgwrqAxWbQQ,@OzieiasAlvesFonseca,Liberta o povo da perda urgente,2026-03-20T18:25:00Z,5.0
Cj_OBdAJOTk,@jesuspires9390,"O que eu ainda ñ entendi é pq EUA e Israel, duas das maiores potencias bélicas ñ bombardeiam as forças iranianas q estão aí no estreito e acabam com esse bloqueio?",2026-04-07T18:21:37Z,0.0
OF94jlqFXyo,@CJuniorDDS,Se é Veja ... É Mentira.<br>Fujam desses mentirosos....,2026-03-19T22:59:30Z,0.0
KzeXNyQ_RJ8,@amaliamariagagliazzilage1363,Porque não fica todo mundo pianinho e so tenta viver ate o fim da vida tranquilo?,2026-03-20T01:35:58Z,0.0
pyn5aqmThRg,@joaobatistamariano1015,Os culpados disso são os EUA e Israel. Israel não atacou ninguém . Trump pensou que Iran era a Venezuela; se estrepou todo junto com Israel. Quero ver como esses dois fascistas vão sair dessa.estso levando uma surra do IRÁN,2026-03-20T22:55:46Z,0.0
LY0Bljn_lC4,@bomdianatrilha,Parabéns pelo vídeo! Muito informativo e essencial para quem quer desbravar e conhecer o mundo como ele é!,2026-04-08T03:40:19Z,1.0
pRFeTZqbgZ4,@williamrocha7955,Querer é uma coisa conseguir é outra,2026-03-20T16:55:28Z,0.0
1U7dovDculw,@flavioeduardo7031,Ufa pra cima,2026-03-20T06:25:58Z,0.0
nRrCHbIdJm8,@hermanndeoliveira1218,Os portugueses nunca deveriam ter saído de lá!!!,2026-03-28T00:27:36Z,1.0
1-3bTsClflo,@bernardinoteixeira5035,E o maior porta-aviões do mundo com os banheiros entupidos...,2026-03-19T21:39:41Z,7.0
seyecd3bUZI,@israeloliveira-yk1fy,Trump vem aí 🇺🇸🇺🇸🇺🇸,2026-03-19T14:38:39Z,1.0
_SSHMyYQMpU,@Entreteniment--M,Top,2026-03-19T14:14:17Z,0.0
EGbpgF20BCE,@PauloEstevãoboyharsher,Ótima notícia,2026-03-19T13:56:27Z,1.0
tYe_3I3nk90,@arnaldoasato3776,"Está confirmado, é um TACO mesmo.",2026-03-21T00:07:53Z,60.0
bVWYGJoYeJ0,@sape778,👍👍,2026-03-19T11:05:54Z,0.0
rbzRrmMTVaI,@GuilhermeAmaro-vv3im,Já deveria ter resolvido sozinho arrumou problema sozinho agora tem que honrar as bola que carrega no meio das pernas e resolver mesmo pelo menos para mostrar que é sujeito homem,2026-03-19T00:59:31Z,0.0
GZerGbe7Yds,@RenivaldoAlves-j2h,Durante as escavações eles iam descobrir grandes reservas de petróleos ❤😂🎉,2026-03-20T21:39:09Z,0.0
ffMOFK8NOlY,@psbtk8199,"Sim, o Irã está morto já estão falando em incursão terrestre",2026-03-20T20:52:10Z,0.0
eOjCgO3Sv1E,@MariaceciliaDias-s6x,Oi,2026-03-19T00:15:31Z,1.0
_rt1R60vgP0,@Wendel2G,EUA achou que o Irã iria peidar,2026-03-19T01:08:37Z,50.0
MtoEsSwQy2I,@evandropereira2282,"Viva, acompanho sempre o canal de Moçambique",2026-03-18T18:47:06Z,2.0
x-Pb6pCM0hU,@ericga7,Can they build a canal in Oman?,2026-03-23T19:57:54Z,3.0
gEq13lH5B8Y,@maurolobo1593,Olá boa tarde viva Israel parabéns NETANYAHU,2026-03-18T16:32:16Z,4.0
kIR32Dh5PkM,@jovan.mattos1296,O irã produz armas,2026-03-19T21:35:24Z,0.0
IzWDKTUC4Q8,@lgrrobert7325,"This is doing Far More harm than good.<br>Inflation grows, tension grows ,",2026-03-21T01:56:28Z,98.0
_reOiCaMN-E,@FAIRidea,Extreito de Ormuz,2026-03-21T01:35:00Z,0.0
O7rMcPGtZDc,@John-f1c5h,Lá ele,2026-03-18T09:49:28Z,1.0
eDLsgDHqm0Y,@marcosbrito4718,O que seria de nós sem esses conteúdos diariamente. Excelente informações.,2026-03-18T01:07:17Z,35.0
G5jnOYFyzMA,@angelicamendoza8232,Hora do mundo investir em formas alternativas de energia! Já era tempo em,2026-03-18T18:47:03Z,2.0
i-WmW29BjNw,@SergioPereira-qd9mk,"Resumindo, uma banana pra Europa. Consequência: Japão, Coreia do Sul, França e etc., se virem sozinhos com seus problemas. Leia-se Rússia, China e Coreia do Norte",2026-03-18T12:11:45Z,8.0
7EBNjOuA-mI,@acaminhodeksa,"Assistindo os vídeos do professor Jiang, né primo? 😂",2026-03-17T22:25:49Z,70.0
GmrKfQyvpcU,@eduardoguedes9132,Eu sempre pensei nisso!,2026-03-21T11:38:04Z,0.0
z2A9VqK4W7s,@hendrik8953,"&quot;diz a casa branca&quot; e &quot;balela&quot; são sinônimos <a href=""UCkszU2WH9gy1mb0dV-11UJg/m8MfY4jbFsWJhL0PyouA2Ak""></a>",2026-03-17T21:26:03Z,2.0
dWhUM2-9h-o,@rogeriocambambi,Eu ainda acredito que este não e o Bejamini é só olharem como ele move as mãos 😢,2026-03-17T22:19:22Z,0.0
9WFHK-Wn-EE,@angiepangie989,I support Irans right to defend itself,2026-03-17T16:54:49Z,17.0
TcxY0bJZCqs,,,2026-03-17T16:00:00Z,
3TaP4gyFNaU,@eduardodepadua5344,TODAS AS GUERRAS SÃO UMA DESGRAÇA!!!!!!!!!!!!!!!!!!!!!!!!!!!!!!!!!!!!!!!!!!!!!!!!!!!!!!!,2026-03-17T15:31:45Z,53.0
XnJh90g96-s,@dbs4141,O todo poderoso pedindo ajuda?,2026-03-17T16:28:35Z,63.0
HiWJXcD3z48,@sebastiancristovao3440,Porque os filhos dele já tem idade suficiente para irem para tropa,2026-03-17T13:49:51Z,2.0
DKl4prSmoHc,@gloriay79,Laranjão pirou de vez.,2026-03-17T15:03:11Z,20.0
I2Fu9gMwFKo,@douglasneves3948,Ucrânia  bucha de canhão,2026-03-28T01:15:02Z,0.0
9cwdKgQNIpo,@flaucrania7474,Eles que começaram a guerra agora que terminem sozinhos 🤡😂,2026-03-17T12:43:37Z,34.0
ki7nOnWj9tY,@paulotarso2844,ELE QUE COMEÇOU A GUERRA ELE QUE RESOLVA .<br><br>OS PAÍSES ESTÃO CERTÍSSIMO. <br>ISSO É UMA GRANDE FURADA.,2026-03-17T09:46:47Z,3.0
sQt3BQ9hgpw,@EliasMirandaPereira,Ta parecendo golias e davi. Rss,2026-03-17T15:28:47Z,0.0
8eHfye05l1w,@ivanildosilvasousa2563,Ele que é o verdadeiro problema mundial!,2026-03-17T01:29:41Z,18.0
Fna0qEXzOAg,@JoãoVales-j5t,🧿  gránde,2026-03-17T00:34:53Z,0.0
QqhZvov9N20,,,2026-03-16T21:00:00Z,
NFGG7Bk0WxQ,@JoãoBatistamarinhodeMelo,O Bolsonaro vai de jet ski ajudar o laranjão ambulante 😅😅😅,2026-03-17T00:40:20Z,2.0
OKE10isV-EQ,@MartimAfonsodeSousa-x3n,Ué.... Mas navios chineses nunca deixaram de passar no estreito,2026-03-16T20:02:35Z,4.0
zGv2QXMXdEk,@JoãobDepaula-f1g,Estamos ganhando mas estamos perdendo quem ganhar vai perder quando estamos perdendo estamos ganhandokk,2026-03-16T23:52:20Z,0.0
JrwZYbZgDvM,@Bugu3i,Viva o Iran ❤,2026-03-17T14:07:50Z,3.0
YBQBq3IrvfE,@marciorobertodeoliveira6406,"Impossível quase assistir o YouTube,muito comercial!",2026-04-12T18:20:33Z,0.0
kGAG6FXQnoI,@MariadeFatimaAlcantara-bj7dc,A MAIOR MENTIRA DO ANO.😅😅😅,2026-03-17T11:36:27Z,0.0
Cqu1mxosHhI,@GeographyBrazil,"Retificando: foram os franceses/egípcios que construíram o Canal de Suez, mas ele ficou sobre o domínio britânico por décadas.",2026-03-15T23:48:08Z,3.0
lJ8wmm_mGRE,,,2026-03-15T20:30:15Z,
4uvxkxRU2Vw,,,2026-03-15T19:24:32Z,
WQo_DiHehzo,@pedroluisestrela2311,Quanto ao petróleo é estranho se estão a exportar mais porque os preços não caem😅,2026-03-16T17:09:30Z,1.0
02sNadUGK-4,@jonasfarias6456,"<a href=""https://www.youtube.com/watch?v=02sNadUGK-4&amp;t=315"">5:15</a> “vamos afirmar vitória pra n perceberem que perdemos” 😂😂😂",2026-03-15T17:19:18Z,33.0
yLeAC7JDud0,@PowAlex,"O direito internacional foi violado quando no meio das negociações decidiram atacar uma escola infantil no primeiro míssil lançado, até por esse fato o movimento dos insurgentes perdeu a força.. sumiram.. eram parte do plano genial para substituir o regime aiatolá por outro alinhado aos EUA... Foi uma pataquada monstra de Donald.",2026-03-15T16:27:58Z,20.0
hQIapvZcl0k,@teoriadaeloquencia6230,"Eduardo Bueno para Monarca Suremo do Planeta Terra! Bueno, o Magnífico! kkkkkkkkkkkkkkkkkkkkkkkkkkkkkkkk",2026-03-15T14:30:15Z,22.0
iPuaESDEc2Q,@DioLandETCWorld,"Sozinho não consegue, né laranja?!",2026-03-15T12:58:48Z,7.0
u0pPOlO11qk,,,2026-03-15T01:50:49Z,
Tjnf2xOcc5I,@joseloureirofilho6694,"Atenção china Rússia, Coreia ,  Iran , índia , Paquistão ,    África do Sul ,   mandem urgente navios de guerra para  israel , e acabei com essa nação assassina de crianças e mulheres indefesas",2026-03-15T02:02:24Z,1.0
ofMNyNDZWp0,@TheresaDeOliveira,🇧🇷😎🖕Donald Trump,2026-03-15T00:08:11Z,0.0
C5C7B23wRQM,@gilbertorodrigues6339,Blá-blá-blá,2026-03-17T09:41:05Z,0.0
1MkFgLqZAZc,@BuraimoBacar-r8u,Catastrofico,2026-03-15T09:26:55Z,1.0
4MenPnZPMos,@felipejantsch6496,Só por que ele mordeu a isca quer que os outros mordam também?,2026-03-15T03:21:18Z,3.0
Ml7A6DGLmko,@jusinetecorreianeris9578,Muito bom. Espero que os EUA capotem logo.,2026-03-14T23:35:58Z,6.0
BGxIW-171zE,@GloriaTrajano,"Oxe, Trump que começou a guerra, que se vire",2026-03-14T19:53:42Z,112.0
7K5RTg_gHjc,@tenentematias,Tem fecha mesmo povo se lascar 😂😂😂,2026-03-14T20:55:26Z,1.0
Drg1mpXiehA,@astralpizzaria1742,Aula de alto nível ❤,2026-03-20T00:14:03Z,4.0
gtlfj_2k2Vg,@AndrePalma76,"O bom que independentemente de quem vença essa guerra,EUA e Israel nunca mais ficaram &quot;descansados&quot;.",2026-03-14T10:53:40Z,8.0
FgrMoRd67rI,@teamoSalus,um desses tá vindo pra cá..,2026-03-15T04:19:22Z,0.0
R4F3hESAxi4,@mariosalgado1905,Quem atacou primeiro? O que justifica esse ataque?,2026-03-14T20:34:37Z,0.0
TPxNsyYLb-E,@giovannamarques6601,"excelente, maumau!",2026-03-14T18:11:51Z,0.0
qbqw1xuH3OQ,@ClaudiaDias.,"Seria bom os comandantes dos navios de commodites, aprenderem chinês instrumental para transporte de petroleiros, no estreito de Ormuz.",2026-03-13T20:50:50Z,0.0
BgDHPsgCtlA,@Sanedit7,Ainda bem que o Youtube me recomendeu este vídeo!<br>🇧🇷🇵🇹 😎👍,2026-04-18T13:02:10Z,3.0
TbI01CTVHDM,@12345678ver,boa Comandante,2026-03-13T19:40:47Z,13.0
YAx6OPsKWJQ,@hollandegalisevloer5494,Claro. Turquia é pior que Irão. Esperem só,2026-03-13T19:55:47Z,0.0
wnsEL0bu7RM,@maiquecardoso7264,PORQUE. OS. PAISES. TODOS. EM. VOLTA. DO. IRÁ NAO. ACABA  COM. IRÁ,2026-03-13T14:53:29Z,0.0
Yt3-AlTIxaU,@therezabunte7304,"Dois picaretas estão no aumento dos combustíveis.  Trump,  o &quot;Rei&quot; da Guerra e Bozo que vendeu a BR Distribuidora.",2026-03-13T11:39:13Z,21.0
93uRXIe8tDA,@Franciscopardinho,Faz o T cambada de ignorantes.,2026-03-13T02:42:18Z,45.0
vQhP6mew4qA,@Felipe201267,"Ótimo vídeo, mas tira esse sino no fundo q fica tocando toda hora!!!",2026-03-15T00:38:20Z,3.0
s20r-bKfO0Y,@pescadoradesonhos,"Pela loucura e ambição de alguns todos são afetados , o homem sempre será ambicioso inconsequente,prejudicando a si mesmo.",2026-03-13T08:38:01Z,2.0
-7U9SFDzeic,@denisechakrian8908,"Valeu ,",2026-03-13T01:35:52Z,0.0
ZMf0osM2C5c,@diegodiniz4509,OBG  ! POR POSTAR,2026-03-13T02:39:31Z,1.0
bRdQgfm8V7Q,@LuziaTempo-g8l,"Mano esse cara está assinado a sentença de morte,quando Israel ataca o alvo é serteiro 😁🙏🏽💪🏽",2026-03-13T02:44:37Z,2.0
kpxEdp85AKA,@gutod2165,Shenlong esta em todos os lugares,2026-03-14T04:37:11Z,0.0
U6jLZiiRukQ,@TheLuaestrela,Eu heim. já está fechado há mais de tres dias. Eles não sabem ler... deve ser,2026-03-12T23:04:14Z,7.0
PP5eFDV68gw,@mundoautomotivola,❤❤❤,2026-03-12T21:49:46Z,5.0
jeirQ5l6Kio,@denisgodinho5343,Não dá para confiar nos EUA,2026-03-12T21:29:14Z,3.0
SKhQVgpgDBo,@SilviaMachado-u9n,ONU não faz mais nada se os USA não respeita ninguém.,2026-03-13T20:29:37Z,113.0
eCTvPBFdLAw,@daugher93,O dinheiro desses carniceiros devem estar vindo do narcoterrorismo em países amigos do regime.,2026-03-12T19:41:59Z,28.0
uQ7llCcTBOk,@TERRAJOVEM6000,"Um Britânico,  destruiu barcos de pesca",2026-03-12T22:25:45Z,0.0
iP6WSIGEqRw,@alberteinstein5270,O Irã é o último bastião contra o imperialismo.,2026-03-13T00:22:04Z,1.0
-AVLwAxAue8,,,2026-03-12T14:01:29Z,
2Bp4xoPeHug,@danielportoporto914,Causa e efeito,2026-03-12T14:09:53Z,4.0
3hpQFiB0Kxc,@Lukassylva,"O Irã sozinho fazendo os EUA e Israel passa aperto 😂😂😂. Imagina se fosse a China aplicando sanções, cortando as terras raras, vendendo os títulos da dívida americana etc. Os Eua taria ferrado e lógico que o mundo também.",2026-03-12T02:43:20Z,59.0
wChY-ktcbN0,@LinoCrisanto-n7e3t,Bom video  apartir de Moçambique,2026-03-12T18:56:20Z,1.0
30foPU-ctUc,@Claudio-g1b7i,"Aí sim explode tudo ,fecha tudo ,,,americanos queriam guerra agora aguenta",2026-03-12T21:50:01Z,0.0
psaWl0DpwEc,@tayroncorrea3666,Lula vai Parar a guerra com um copo de cachaça.,2026-03-20T14:27:16Z,0.0
7phx2I7zQFA,@SENHORDAESCURIDÃO,Informações tiradas do instituto ITDC,2026-03-12T10:40:33Z,1.0
89BWuJCYAgo,@fisicaquanticarolim3456,Fizeram bem❤,2026-03-11T22:57:39Z,1.0
hoq2aZDN7rw,@charlescordeiro4847,Se é pacífico pra que as armas!!! Kkkkkk,2026-03-11T21:50:42Z,1.0
aJ1zi7rq3Mw,@macromicros,Pode ir petroleiras são só mais 72h para estar tudo certo para passar...,2026-03-11T20:07:42Z,3.0
WT3wD2BG82E,@fernandoeugenio2984,precisamos recuperar nossa industria pesada.,2026-03-11T23:05:59Z,3.0
549i74X8GQM,@UriasFerreiradeOliveira,Excelente aula da geopolítica.,2026-03-11T20:14:04Z,12.0
vp-B8PqpS80,@ZaqueuHernandes-y3d,"FORAM MEXER COM QUEM ESTAVA QUIETO 😂😂😂😂😂 AGORA AGUENTEM AS CONSEQUÊNCIAS , DE PARABÉNS AO TRUMP , POIS PENSOU QUE O IRÃ ÉRA IGUAL A VENEZUELA 😂😂😂😂😂😂",2026-03-12T05:35:08Z,1.0
EISt-Ac_9Sw,,,2026-03-11T17:27:03Z,
wDFDJbpC8dk,,,2026-03-11T17:10:09Z,
mVKsoc8uvkU,@CarmenCaruzo,"Eu mesma tô aqui pela credibilidade do Sr, responsável que mostra a realidade",2026-03-11T16:35:14Z,10.0
lRMp4dg_4yw,@Seucu-cabeludo,"Terrorista é assim mesmo, mas logo os americanos mandam uma salva de bala no rabão deles, pra comunidade internacional chorar um pouco 😂😂",2026-03-11T17:02:40Z,14.0
JVgiqTM9Qe0,@leonardofurtado3468,"A mina de contato se move, sim. Mas tem menos arrastre",2026-03-12T09:02:10Z,1.0
bBGKNZ17iKc,@sirlandiooliveira2016,"Se eles falam que são 6 mil, então multiplicarmos por 4 kkkkk",2026-03-11T23:13:29Z,3.0
VdrDcKhXFLI,@Jose-ul1ch,O Trump falou que o estreito de Ormuz estava Sussa....Teve otários que acreditaram e se foderam....,2026-03-11T22:10:11Z,3.0
sWaAUPShl5k,@lyonlourenco7035,"A gasolina aqui já está mais cara que o meme da melancia, 7 conto. 🍉 ⛽",2026-03-13T13:59:17Z,2.0
AjuX7zxbme0,,,2026-03-11T15:00:00Z,
T31ODRhvvF4,@franciscomagalhaes7750,"😂😂😂😂 liberdade o cacete, eles querem roubar o petróleo do Irã e tomar o controle doo estreito.",2026-03-11T15:25:31Z,0.0
Ruho-XkvGSg,@edilonlorencofirmo,"Desta vida nada se leva, por coisas banais e terrenas, pessoas estão se matando e mutilando terceiros, ouro, petróleo, urânio, territórios etc, são coisas daqui e nada levaremos após a morte chegar, guerras e violências não agregam em nada, só destrói vidas e dilacera corações 💔💔, diga não às guerras e violências.",2026-03-12T22:53:59Z,1.0
Zstl8kDrR3c,,,2026-03-11T13:30:49Z,
HJSAd-KOMyY,@AvanceMax,"Né, né, né, né....",2026-03-11T15:12:12Z,0.0
qGHL_pqS0CQ,@rafaeldemagalhaes-nn1ed,"Agência de monitoração arranhou meu ouvido, ao contrário do relato do Kieling, sempre agradável e correto.",2026-03-11T13:22:53Z,3.0
g2G1TA8nHk4,@PatríciaTeixeira-b7g,"Está fechado faz tempo , e direto do irá coloca bomba 💣💣 logo",2026-03-11T13:44:29Z,0.0
D4ex3XfAFZ8,@OlavWoytila1299,Que noticia maravilhosa 😂😂😂,2026-03-11T15:44:11Z,0.0
Jro7m6_mRGo,@SniperConservador,"Foram três, não um 👍👍👍",2026-03-11T13:49:00Z,0.0
PkTYJvJ9YGY,@joelvalerio3171,"Hahahahahahaha &quot;vai colocar escolta&quot;, coloca, queremos ver.",2026-03-11T16:24:53Z,30.0
9AAFV-117JM,@Junior92867,Planejava né kkkkkkkk 16 navios a menos,2026-03-11T12:35:10Z,0.0
MjTX0FasSfE,@JoãoBatistadosSantos-v1i,o tromp o  Irã tá cá cagandu e andando pra suas ameaças,2026-03-13T19:05:31Z,0.0
tjJEidJ8vo0,@sinceramente...955,Dessa vez o objetivo do Trump foi DESFOCAR O CASO EPSTEIN,2026-03-11T09:44:20Z,181.0
7brfxByIUrI,@AndersonMoraes-pv5bq,Oque,2026-03-16T23:54:37Z,0.0
18G9pkDzuX0,@mauriciobacellar1906,Irã contra o mundo,2026-03-11T07:17:03Z,1.0
JZmZd32rGuA,@moacirsampaio2008,Tem acabar com os itolas mesmo viva EUA viva Trump,2026-03-22T00:53:06Z,0.0
kq-2poAR-2I,@juliocesarbarcelos5383,VIVA  O  IRÃ!<br>SÓ   OS  IDIOTAS  ACREDITAM  EM  VOCÊS.,2026-03-11T02:27:03Z,2.0
55PUQ1OXlng,@viralizouBRZ,Gosteu do papo e do modelo da entrevista. Poderiam chamar mais jornalistas para trazer alguns pontos e matérias investigativas.,2026-03-11T18:18:22Z,71.0
pcClMCUID3U,@rosaneegidio4636,"Assistindo a globo parece que o Irã começou a guerra e é o grande vilão, ainda bem que não tem o monopólio das notícias",2026-03-11T01:21:24Z,42.0
lUV0-LWU7YI,@harryhaller2345,"As fontes são norte-americanas, logo não são de confiança; Os Estados Unidos sempre mentem e a imprensa comercial espalha as mentiras. Não podemos esquecer das armas de destruição em massa do Iraque. O Irã que foi atacado, possuindo o direito de se defender.",2026-03-11T02:08:18Z,8.0
6b2YwgtHqcY,,,2026-03-10T23:19:58Z,
MhRvuu-dul0,@GustavoMB10,Aquela cena do Nemo com os tubarões em uma área minada e um deles fala &quot;não é legal quando elas explodem...&quot;,2026-03-10T23:24:30Z,70.0
3bisod8Mp0Y,@canalnaturezaselvagem-z1r,2026 e as imagens preto e branco turma de mentiroso kk,2026-03-11T00:30:30Z,0.0
SvLxlkcaY9s,@fabriciodebem193,Demoro...manda as tropas por terra 😂😂😂😂,2026-03-12T16:09:09Z,0.0
rfgLfa9CEHQ,@Obito1230,"Quanto mais ele ficar exigindo essas coisas, mais os iranianos vão se fechar e revidar, eles não são de abaixar a cabeça para ameças, muito pelo contrário, isso só vai piorar a situação.",2026-03-10T22:57:23Z,7.0
_-3d-y3BZ9c,@marcoantoniocandia1942,I ❤ IRAN 🇮🇷....,2026-03-11T13:20:12Z,1.0
Yv5ZhyaIeKo,,,2026-03-10T22:00:41Z,
9XJvBX1d7To,@aurondonny,"Vixe, quero só ver a toda poderosa marinha americana passar por la agora",2026-03-10T23:06:53Z,12.0
jC3rKGA1onk,,,2026-03-10T19:55:05Z,
lMVj6wpRlD8,@CarlosEduardo-c5w2w,😮,2026-03-10T18:45:43Z,0.0
eUrqgSStOhY,@faustomadebr,Pamela and These Chains are amazing...,2026-03-12T01:48:26Z,0.0
8HgLrp6mbc0,@alvaromathias3930,É uma vergonha 😢 Continuam sendo imperialistas 😮 A greve dos agricultores na França deixa estar. A economia não importa 😢😢😢,2026-03-10T16:00:03Z,10.0
LV-BfEJiryQ,@WesleyMesquite,RICARDO BOSTILHO NÃO FAZ ANÁLISE GEOPOLÍTICA DE FATO!<br>JÁ CHEGA NO PROGRAMA COM A CARTILHA DA NARRATIVA OCIDENTAL DEBAIXO DO BRAÇO!!,2026-03-12T18:33:59Z,0.0
luo6ck1ZCcY,,,2026-03-10T09:38:46Z,
w2hqH8Ev3Uk,@JoseSouza-l5b,"Entendi nada, oque significa as bolinhas vermelhas e as setas vermelha e verde?",2026-03-10T03:57:17Z,5.0
KkXnZegwPgc,@DaniloMartins-d4w,Quem é França no estreito 😂😂😂😂,2026-03-10T02:34:45Z,0.0
t0wRvcebN8o,,,2026-03-10T00:09:13Z,
fgfDW6xPjKk,@petersilva7496,"O pensamento é livre, o Estreito não 😂",2026-03-09T22:51:24Z,50.0
nRJn21UYPC4,@Jose-ul1ch,O estreito de Ormuz esta fechado. Este idiota esta mentindo.....,2026-03-09T22:48:05Z,3.0
OHEdSwgg61M,@Shrockingtheworld3000,Não sei porque tudo isso me lembra as profecias de Nostradamus…,2026-03-09T22:25:21Z,5.0
MWV4tYV42_Y,@edumagalha2794,Torcendo pelo povo iraniano,2026-03-10T03:50:20Z,24.0
3w73Oo2HvVk,@marciotadeupedrosa1461,"Boa análise professor! E como você aceita o contraponto, o estreito não está fechado totalmente, e as possibilidades de ataques do Irã estão a cada dia menores, e falta pouco pra a população ter coragem e tomar o poder, mesmo depois de mais de 30 mil civis serem massacrados pela Guarda revolucionária assassina. <br><br>E sobre o petróleo qual a real possibilidade da Venezuela ter capacidade de exportar para a Ásia e Europa? Abraço",2026-03-09T17:49:32Z,0.0
GDTVPCKukDQ,,,2026-03-09T15:36:24Z,
edJtBSmvV1Y,@welberfelix,"Israel está atacando as refinarias e os depósitos de petróleo do irã, já estão lascando a economia a décadas. Se é pra quebrar, que quebre todo mundo....",2026-03-09T15:35:56Z,0.0
XNBDdylUtsM,@jorgedias1790,"Tá perto de 120 dólares (09.03)... Um navio de bandeira israelense foi atingido e pegou fogo. Não tem como proteger ali. Se os EUA colocarem um navio de grande calado ali, com manobrabilidade reduzida, vai ser afundado.",2026-03-09T16:01:13Z,9.0
qqC8nXGwx0E,@ishankhanchandani009,Please stop showing incorrect map of India in your videos,2026-04-10T09:00:10Z,0.0
fhHztJLxfPI,@FernandaCristina-u9h,Que bom essa crise a crise só afetava os trabalhadores e pobres agora gostei esse Papinho de indústrias e produção está chegando ao fim porque nunca muda entra político e sai político o que vai dá jeito só petróleo essa foi bomba,2026-03-10T09:55:09Z,0.0
EVEjlPdMGAM,@RenanLoiholamistrongue,"Algo a se refletir.....fertilizantes(quimica),o que tem acontecido ao solo <br>.....???Retrocedendo no tempo,desde quando o solo começou a pedir fertilizantes para produzir alimentos???Teria o CRIADOR feito um solo carente de fertilizantes???😮😮😮",2026-03-08T14:27:23Z,0.0
vPr6vgUk2d8,@luzmyrianmenesesortiz7484,Hermosa está voz del inquietante narrador. Muchos años guardada la ignorancia. Fuera fuera la ignorancia a la cual nos han tenido acostumbrados. Despertar. Viva la dialéctica. El conocimiento.,2026-03-08T04:34:02Z,64.0
ligbsQUp-7U,,,2026-03-07T18:00:49Z,
YKo3kKua95U,@wagnercarlostime1478,"Vai ser destruição total igual aconteceu no Iraque , estão medindo forças com quem tem superioridade aérea naval e terrestre.",2026-03-08T11:57:25Z,9.0
l4GsD0PuTEU,@aprigio9008,"Boa noite, todos nós sabemos do poder dos estados unidos, mas, o tromp não tá agindo certo sem respeitar a soberania de outro país. Né? Soberania eh intocável.",2026-03-12T01:45:13Z,0.0
isTaMk0W_dQ,@hallierresoeiro9431,"Irã está sendo muito estratégico, tem alguma grande potencia por trás disso",2026-03-07T16:31:04Z,1.0
BoAtoKDGemM,@claytontrajano8411,Irã nao tem<br>Pare de sonhar 😂😂😂😂😂😂😂,2026-03-07T18:53:11Z,44.0
BLGFdv3DfTQ,@fernandamiranda4000,Ficaria vendo e ouvindo Daniel falando por horas e horas.,2026-03-08T13:51:09Z,0.0
Zx4fMJMGwkE,@MarciusLage,"Quando a esquerda ou aliados consegue controlar algum lugar é isso q acontece. Até a fonte de renda dessas ditaduras, se acaba.",2026-03-07T03:22:46Z,2.0
aSZV25r3Fp8,,,2026-03-06T11:01:14Z,
V9rKySsfZWg,@SandraOliveira-hj9lx,Popularidade Trump só cresce.,2026-03-06T11:54:36Z,1.0
3fpnD9-zd9s,@EduardoCastro-fd6dr,Mas e os fertilizantes que vem para o Brasil passa por esse canal ou seja vai começar a faltar alimentos ou vai dobrar os preços dos alimentos pois não vai compensar buscar os alimentos nas fazendas,2026-03-11T12:35:04Z,0.0
Fn2rhMezH2M,,,2026-03-05T21:00:28Z,
-txgqug5EyI,@CoronelJESU,Quem diabos criaria um mundo tão asqueroso como esse? Nem o acaso seria capaz de tamanha delinquência...,2026-03-05T19:37:26Z,12.0
zrSK67mpV88,@batistajose6974,Perguntem aos portugueses...<br>Dominaram - no durante 150 anos.,2026-04-05T22:43:56Z,0.0
DahQK0oqOn0,@KlovisHolz,Fossas flutuantes do Trump já fugiram pro oceano indico,2026-03-05T17:34:34Z,88.0
wqgrHs7BnBk,@ArthurPaquieligames,"E pq o Bitcoin está subindo, será que é só pra cair?",2026-03-05T14:58:37Z,2.0
e46BJb1xdNE,@tarciziosss,Go TRUMP!,2026-03-05T15:13:34Z,2.0
7Sk81COiOVc,@profValSilva-v5z,O Irã avisou que não aceitaria imposições absurdas e fecharia o estreito caso fosse atacado. Disse também que atacaria os fantoches dos EUA no oriente e quebraria a economia regional. Daqui a uns dias vão chegar as contas da guerra. O preço será muito caro!,2026-03-05T14:29:33Z,3.0
Bu5oUBTXxBE,@bielzinhogomes2,"Choro e livre , EUA  ta passando carro no irã e os torcedores nao podem fazer nada a nao ser latir de longe",2026-03-05T14:16:36Z,2.0
erHPwpqgf1c,@guilhermestone7795,Tão recebendo quanto dos EUA e Israel pra fzr essas matérias ?,2026-03-05T03:21:48Z,2.0
N6eZLuV82Sk,@JoaoCarlos-hd3ei,Mas num seria mais fácil fazer um canal em omã e emirados árabes unidos?,2026-03-14T13:11:57Z,1.0
L7YZBqD3Qvk,@gabrielribassouza7154,Culpa dos fascistas que fecharam o estreito e...<br>Ih não pera..,2026-03-05T15:39:13Z,0.0
YWe-mjoVaZU,@vanderlysilva742,"Nessa altura, não tem essa de esquerda, nem direita, a dor é intensa pra quem é humano",2026-03-04T21:24:29Z,2.0
iEV-6WDPwik,@TorresVictoria-v9b,Toda a gente a falar de GRO75K o que é isto façam vídeo,2026-03-05T01:17:39Z,0.0
oQKkRHH5yK0,@miltonpontes4577,"Com certeza esse professor é um gênio, é uma aula da boa 😂😂😂😂",2026-03-04T23:26:28Z,7.0
fkYPuY7CV6g,@user-pz1kb5du5x,"Essa guerra todos vão perder, mundialmente falando. As bolsas de valores do mundo vão colapsar, o preço do petróleo dispara, alimentos serão escassos. Agora eu me pergunto??? Quem ganha jogando war??? Irresponsabilidade e loucura só encarcerando as mentes que se dizem grandes! 🤮🤮",2026-03-04T16:20:31Z,2.0
AU2G7Cn76a8,@alvimcarssurf,&quot;Estamos no controle total...péra..o que é aquilo lá no céu???&quot; BUUUMMMMM!!!!!!,2026-03-04T17:07:07Z,3.0
mYUY7mr39J4,,,2026-03-04T14:44:38Z,
2YugaovStqg,@antonioaugustotavareszaida2576,kkkkkkkkkkkkkk......,2026-03-04T21:17:43Z,0.0
cMdkt8dcZNQ,@marleneribeiroalves7538,Porque o trupm não vai escoltar  com os soldados? Pra ver gosto da guerra.,2026-03-04T10:50:12Z,24.0
8444fOs2fno,@djalmarosa4698,"O mundo só terá paz depois que destruir os EUA . <br>Desde sempre eles tem idéia fixa em destruir todas as nações da terra . <br>Montaram 800 bases militares ao redor do mundo , gastaram fábulas de dinheiro com porta aviões para atacar em qualquer lugar do planeta . <br>É a essência do bolsonarismo . <br>Rússia e China são nações pacíficas , não tem bases militares pelo mundo , não tem porta aviões para atacar outros países . <br>Desenvolveram uma doutrina de defesa , mas conhecendo a natureza perversa do inimigo da humanidade , tem equipamentos para riscar a sujeira do mundo . <br>A China tem míssil que leva sozinho 60 bombas atômicas e um de hidrogênio ; a Rússia tem míssil que circula ao redor do mundo durante anos e desce onde quiser e tem a mão morta , que é um sistema para destruição total . <br>Os EUA é a imundície do mundo , não deixou outra opção . Se eles entrarem em guerra os EUA serão varridos . <br>A única opção será destruir o dólar e deixar o país na miséria para que a humanidade sobreviva .",2026-03-05T14:23:46Z,0.0
wkpCJVaaA_I,@ottaviosechi,ahahahahahahahahahahahahah,2026-03-04T01:49:03Z,0.0
RK7sqhGgeQI,@rogeriomoreira9079,Temos que rorcer pra china fornecer armas e apoio ao Irã petrolei sobe brasil enche o bolso,2026-03-04T14:58:11Z,0.0
ZgQULbgm3wk,,,2026-03-03T22:19:53Z,
4untvlP2a7s,@aripaulino007,"Pior que quem tá se ferrando são os próprios aliados do Irã,  por exemplo,  a China.",2026-03-03T22:53:23Z,1.0
NWgEJxyNCRk,@helenapimentel2608,O que é o Estreito de Ormuz? 😅<br>É o que é. <br>Estudem Geografia. 😅,2026-03-04T10:17:21Z,1.0
mamN4Au9mcs,@liboriosantana1985,Isto vai ser um prejuízo terrível...mundo caminhando para o caos e trevas.,2026-03-03T20:21:06Z,0.0
5J3lOxpex5I,@MAXDAHORNET600,"Não sei quantos irão ler esta mensagem, mas aos que lerem, Deus visita você, te renovando e dando Vitória 🙌🙌 e receba pela fé a cura, o milagre, o socorro de Deus 🙌🙌♥&quot;VAI SER TÃO LINDO&quot; todos nós no Céu louvando juntos.",2026-03-03T19:46:46Z,16.0
BCt6Ug05-zI,@HenriqueSilva-pi3wl,Esse Professor fez eu me apaixonar por geopolítica 👍🏾,2026-03-04T02:35:51Z,2.0
QvRxdPRcEAo,@GilmaraSLima,Quero só ver os EUA serem atingidos. Estou torcendo por aqui!,2026-03-03T17:35:23Z,0.0
ix-tdhuJILU,,,2026-03-03T16:18:16Z,
8jPTuOyrqMQ,,,2026-03-03T15:56:01Z,
-6ahbGb2gFE,,,2026-03-03T15:50:00Z,
qEIn25foCtg,@Claudiojulio-t1u,Se o Ira continuar com essa história ate China vai atacar eles 😅😅😅😅,2026-03-04T14:08:12Z,2.0
C0uk_iSdNy0,,,2026-03-03T15:30:54Z,
MV0isszt-P4,,,2026-03-03T15:03:45Z,
v533pKYaq-M,@ditrefois,"O sujeito não faz ideia do que está falando, ele fala do calado do navio explica bem ai vem e manda a pérola, &quot;alguns navios tem até 20mts de comprimento&quot;........Calado não tem comprimento tem profundidade!!!!😮😮😮😮😮 CNN cada vez pior",2026-03-03T16:42:23Z,1.0
s34-iP-4Bys,@carlosborromeudesousa4992,"Trump está enlouquecido, desorientado. É uma guerra pra desviar foco de seus crimes ?",2026-03-03T15:37:56Z,3.0
